code;name;dk;x;y;Πλευρές Πεζοδρομίων/ΟΤ;Πλευρές Πεζοδρομίων/ΟΤ;Πλευρές Πεζοδρομίων/ΟΤ;Πλευρές Πεζοδρομίων/ΟΤ;Πλευρές Πεζοδρομίων/ΟΤ;Πλευρές Πεζοδρομίων/ΟΤ;Πλευρές Πεζοδρομίων/ΟΤ;Πλευρές Πεζοδρομίων/ΟΤ;Πλευρές Πεζοδρομίων/ΟΤ;Πλευρές Πεζοδρομίων/ΟΤ;Πλευρές Πεζοδρομίων/ΟΤ;Πλευρές Πεζοδρομίων/ΟΤ;Πλευρές Πεζοδρομίων/ΟΤ;Πλευρές Πεζοδρομίων/ΟΤ;Πλευρές Πεζοδρομίων/ΟΤ;Πλευρές Πεζοδρομίων/ΟΤ;Πλευρές Πεζοδρομίων/ΟΤ;Πλευρές Πεζοδρομίων/ΟΤ;Πλευρές Πεζοδρομίων/ΟΤ;Πλευρές Πεζοδρομίων/ΟΤ;Πλευρές Πεζοδρομίων/ΟΤ;Πλευρές Πεζοδρομίων/ΟΤ;Πλευρές Πεζοδρομίων/ΟΤ;Πλευρές Πεζοδρομίων/ΟΤ;Πλευρές Πεζοδρομίων/ΟΤ;Πλευρές Πεζοδρομίων/ΟΤ;Πλευρές Πεζοδρομίων/ΟΤ;Πλευρές Πεζοδρομίων/ΟΤ;Πλευρές Πεζοδρομίων/ΟΤ;Πλευρές Πεζοδρομίων/ΟΤ;Πλευρές Πεζοδρομίων/ΟΤ;Πλευρές Πεζοδρομίων/ΟΤ;Πλευρές Πεζοδρομίων/ΟΤ;Πλευρές Πεζοδρομίων/ΟΤ;Πλευρές Πεζοδρομίων/ΟΤ;Πλευρές Πεζοδρομίων/ΟΤ;Πλευρές Πεζοδρομίων/ΟΤ;Πλευρές Πεζοδρομίων/ΟΤ;Πλευρές Πεζοδρομίων/ΟΤ;Πλευρές Πεζοδρομίων/ΟΤ;Δρόμοι;Δρόμοι;Δρόμοι;Δρόμοι;Δρόμοι;Δρόμοι;Δρόμοι;Δρόμοι;Δρόμοι;Δρόμοι;Δρόμοι;Δρόμοι;Δρόμοι;Δρόμοι;Δρόμοι;Δρόμοι;Ράμπες;Ράμπες;Ράμπες;Διαβάσεις;Διαβάσεις;Διαβάσεις;Διαβάσεις;Διαβάσεις;Διαβάσεις;Στάσεις Λεωφορείων;Στάσεις Λεωφορείων;Στάσεις Λεωφορείων;Στάσεις Λεωφορείων;Στάσεις Λεωφορείων;Στάσεις Λεωφορείων;Στάσεις Λεωφορείων;Στάσεις Λεωφορείων;Στάσεις Λεωφορείων;Στάσεις Λεωφορείων;Στάσεις Λεωφορείων;Στάσεις Λεωφορείων;Στάσεις Λεωφορείων;Στάσεις Λεωφορείων;Στάσεις Λεωφορείων;Στάσεις Λεωφορείων
code;name;dk;x;y;Κατάσταση κτηρίων Δεν υπάρχουν κτήρια;Κατάσταση κτηρίων Κακή;Κατάσταση κτηρίων Μέτρια;Κατάσταση κτηρίων Καλή;Κυριαρχία κατοικίας Όχι;Κυριαρχία κατοικίας Ναι;Κυριαρχία εμπορικών χρήσεων Όχι;Κυριαρχία εμπορικών χρήσεων Ναι 30% 60% των πλευρών ΟΤ;Κυριαρχία εμπορικών χρήσεων Ναι 60% 100% των πλευρών ΟΤ;Κυριαρχία εστίασης αναψυχής Όχι;Κυριαρχία εστίασης αναψυχής Ναι;Δεν Υπάρχει Πεζοδρόμιο;Πεζοδρόμιο Σταθερό Πλάτος;Πεζοδρόμιο Μεταβαλλόμενο Πλάτος;Πλάτος πεζοδρομίου έως 1 μ.;Πλάτος πεζοδρομίου 1 μ. έως 2 μ.;Πλάτος πεζοδρομίου πανω απο 2 μ.;Κατάσταση πεζοδρομίου Κακή;Κατάσταση πεζοδρομίου Μέτρια;Κατάσταση πεζοδρομίου Καλή;Όδευση τυφλών Όχι;Όδευση τυφλών Σε όλο το μήκος;Όδευση τυφλών Σε τμήμα της πλευράς;Εμπόδια Καταλήψεις από δενδροστοιχίες;Εμπόδια Εξοχές κτηρίων;Εμπόδια Περίπτερα;Εμπόδια Πάγκοι καταστημάτων;Εμπόδια Καταλήψεις από επίπλωση δρόμου;Εμπόδια Κατασκευαστικές ανωμαλίες πεζοδρομίου;Εμπόδια Στενώσεις από τραπεζοκαθίσματα και πετάσματα;Εμπόδια Στύλοι σήμανσης, φωτισμού, φαναριών κολωνάκια κικλιδώματα;Εμπόδια ΚΑΦΑΟ ΟΤΕ, ΔΕΗ;Εμπόδια Αντικείμενα ιδιωτών;Εμπόδια Στάσεις ΜΜΜ;Εμπόδια Υψομετρικές διαφορές;Εμπόδια σκαλοπάτια κτηρίων;Μέσος όρος από Στοά (%);Μέσος όρος από Παρτέρια (%);Μέσος όρος από Δέντρα (Αριθμός);Μέσος όρος από Κολωνάκια ή/και Κιγκλιδώματα (%);Μέσος όρος από Μέσο Πλάτος Δρόμου (σε μ.);Πεζόδρομος;Σκάλες;Μονόδρομος;Αμδίφρομος;Διαμόρφωση δρόμου ήπιας κυκλοφορίας;Χωματόδρομος;Δρόμος με 1 λωρίδα κυκλοφορίας & στάθμευση δεξιά/αριστερά;Δρόμος με 1 λωρίδα κυκλοφορίας & στάθμευση στη μια πλευρά μόνο;Δρόμος με 1 λωρίδα κυκλοφορίας ΧΩΡΙΣ στάθμευση;Δρόμος με 2 λωρίδες κυκλοφορίας & στάθμευση δεξιά/αριστερά;Δρόμος με 2 λωρίδες κυκλοφορίας & στάθμευση στη μια πλευρά μόνο;Δρόμος με 2 λωρίδες κυκλοφορίας ΧΩΡΙΣ στάθμευση;Δρόμος με >3 λωρίδες κυκλοφορίας & στάθμευση δεξιά/αριστερά;Δρόμος με >3 λωρίδες κυκλοφορίας & στάθμευση στη μια πλευρά μόνο;Δρόμος με >3 λωρίδες κυκλοφορίας ΧΩΡΙΣ στάθμευση;Κατάσταση Ράμπας Κακή;Κατάσταση Ράμπας Καλή;Ελιγμός Αμαξιδίου Ναι;Λευκή διαγράμμιση Όχι;Λευκή διαγράμμιση Ναι εμφανής;Λευκή διαγράμμιση Ναι φθορές;Ράμπες ΑμεΑ Όχι σε καμία άκρη;Ράμπες ΑμεΑ Ναι στη μια άκρη;Ράμπες ΑμεΑ Ναι στις δυο άκρες;Υπάρχει Στέγαστρο?  Όχι;Υπάρχει Στέγαστρο?  Ναι κακή κατάσταση;Υπάρχει Στέγαστρο?  Ναι καλή κατάσταση;Υπάρχει Στέγαστρο? Στάση σε Στοά χωρίς στέγαστρο;Υπάρχει κάθισμα? Όχι;Υπάρχει κάθισμα?  Ναι κακή κατάσταση;Υπάρχει κάθισμα?  Ναι καλή κατάσταση;Ορατότητα κακή;Ορατότητα καλή;Εξοχή πεζοδρομίου Όχι;Εξοχή πεζοδρομίου Ναι;Τηλεματική Όχι;Τηλεματική Ναι;Καθαριότητα κακή;Καθαριότητα μέτρια;Καθαριότητα καλή
139;Α  ΝΕΚΡΟΤΑΦΕΙΟ;2η ΔΚ;23738;37963;0.87;0.02;0.11;0.00;1.00;0.00;1.00;0.00;0.00;1.00;0.00;0.03;0.76;0.21;0.21;0.29;0.47;0.17;0.48;0.14;0.92;0.08;0.00;0.04;0.00;0.00;0.00;0.00;0.01;0.00;0.27;0.00;0.04;0.00;0.05;0.04;0.00;55.00;23.11;52.59;8.17;0.07;0.02;0.42;0.50;0.00;0.02;0.40;0.13;0.01;0.09;0.00;0.09;0.00;0.00;0.19;0.08;0.92;1.00;0.66;0.00;0.12;0.70;0.00;0.08;0.40;0.00;0.60;0.00;0.50;0.50;0.00;0.20;0.80;1.00;0.00;1.00;0.00;0.00;0.57;0.43
70;ΑΒΕΡΩΦ Ι;7η ΔΚ;23755;37991;0.07;0.39;0.37;0.18;0.34;0.66;0.99;0.01;0.00;0.98;0.02;0.07;0.59;0.34;0.59;0.13;0.22;0.74;0.06;0.14;0.92;0.08;0.00;0.18;0.07;0.01;0.00;0.00;0.19;0.00;0.49;0.05;0.04;0.01;0.30;0.27;0.00;4.73;2.42;8.15;8.98;0.04;0.03;0.48;0.45;0.01;0.02;0.42;0.17;0.01;0.00;0.01;0.01;0.02;0.00;0.24;0.06;0.94;0.85;0.83;0.02;0.05;0.82;0.03;0.04;0.25;0.00;0.75;0.00;0.25;0.00;0.75;0.09;0.91;1.00;0.00;0.50;0.50;0.00;0.40;0.60
134;ΑΒΕΡΩΦ ΙΙ;7η ΔΚ;23758;37991;0.02;0.50;0.35;0.12;0.17;0.81;0.86;0.10;0.03;0.98;0.01;0.03;0.61;0.35;0.61;0.15;0.20;0.75;0.13;0.08;0.97;0.02;0.00;0.29;0.10;0.01;0.01;0.00;0.16;0.00;0.53;0.06;0.06;0.01;0.21;0.34;0.75;1.99;2.55;17.66;8.97;0.02;0.02;0.34;0.63;0.01;0.00;0.43;0.21;0.00;0.04;0.12;0.01;0.00;0.01;0.14;0.21;0.79;0.94;0.87;0.04;0.04;0.80;0.02;0.12;0.18;0.00;0.82;0.00;0.18;0.00;0.82;0.11;0.89;0.43;0.57;0.67;0.33;0.00;0.00;1.00
142;ΑΓΙΑ ΑΙΚΑΤΕΡΙΝΗ;3η ΔΚ;23707;37.97;0.06;0.16;0.68;0.10;0.41;0.59;0.86;0.12;0.02;0.99;0.01;0.00;0.53;0.47;0.31;0.52;0.17;0.52;0.31;0.16;0.87;0.09;0.04;0.21;0.08;0.01;0.01;0.00;0.21;0.00;0.38;0.08;0.02;0.00;0.04;0.31;0.00;4.01;2.28;10.67;9.98;0.08;0.00;0.40;0.53;0.01;0.00;0.52;0.12;0.00;0.14;0.00;0.07;0.00;0.00;0.07;0.11;0.84;0.96;0.84;0.01;0.07;0.43;0.23;0.26;0.40;0.20;0.00;0.40;0.63;0.00;0.38;0.09;0.91;0.50;0.50;1.00;0.00;0.17;0.33;0.50
124;ΑΓΙΑ ΒΑΡΒΑΡΑ;5η ΔΚ;23738;38023;0.06;0.22;0.64;0.05;0.39;0.59;0.78;0.07;0.13;0.95;0.02;0.02;0.56;0.39;0.20;0.37;0.38;0.31;0.28;0.36;0.79;0.16;0.03;0.30;0.05;0.01;0.01;0.00;0.34;0.00;0.39;0.08;0.10;0.00;0.10;0.21;0.00;6.28;4.69;7.55;7.18;0.11;0.00;0.45;0.44;0.00;0.00;0.46;0.11;0.01;0.17;0.00;0.06;0.08;0.00;0.00;0.03;0.97;0.98;0.81;0.01;0.17;0.31;0.09;0.53;0.18;0.00;0.82;0.00;0.18;0.00;0.82;0.00;1.00;1.00;0.00;0.43;0.57;0.00;0.50;0.50
46;ΑΓΙΑ ΠΑΡΑΣΚΕΥΗ;5η ΔΚ;23732;38014;0.02;0.64;0.30;0.04;0.21;0.79;0.90;0.07;0.03;0.98;0.02;0.00;0.72;0.28;0.61;0.27;0.11;0.81;0.09;0.09;0.95;0.05;0.01;0.16;0.23;0.00;0.02;0.00;0.68;0.00;0.64;0.32;0.22;0.00;0.10;0.39;4.55;6.42;1.74;17.59;6.63;0.04;0.00;0.21;0.74;0.00;0.00;0.36;0.43;0.00;0.05;0.02;0.02;0.06;0.00;0.01;0.05;0.95;1.00;0.92;0.01;0.07;0.65;0.05;0.27;0.00;0.00;1.00;0.00;0.00;0.00;1.00;0.00;1.00;0.00;1.00;0.00;1.00;0.00;0.00;1.00
89;ΑΓΙΑ ΤΡΙΑΔΑ;6η ΔΚ;23729;38006;0.00;0.81;0.18;0.01;0.11;0.88;0.81;0.08;0.10;0.97;0.02;0.00;0.89;0.11;0.35;0.48;0.16;0.71;0.05;0.23;0.87;0.10;0.03;0.35;0.37;0.00;0.00;0.00;0.58;0.00;0.50;0.34;0.18;0.00;0.12;0.38;0.00;1.35;3.84;15.14;7.84;0.04;0.00;0.13;0.83;0.00;0.00;0.65;0.21;0.02;0.00;0.00;0.00;0.08;0.00;0.00;0.01;0.99;0.93;0.96;0.00;0.00;0.48;0.02;0.44;0.00;1.00;0.00;0.00;0.00;0.00;1.00;1.00;0.00;1.00;0.00;0.33;0.67;1.00;0.00;0.00
109;ΑΓΙΑΣ ΖΩΝΗ;6η ΔΚ;23738;38006;0.01;0.59;0.40;0.01;0.18;0.82;0.87;0.09;0.04;0.99;0.01;0.01;0.68;0.31;0.47;0.37;0.15;0.73;0.14;0.12;0.94;0.06;0.00;0.20;0.28;0.00;0.00;0.00;0.55;0.00;0.47;0.23;0.24;0.00;0.21;0.39;6.76;3.94;2.56;10.39;7.95;0.04;0.00;0.16;0.80;0.00;0.00;0.69;0.16;0.01;0.04;0.00;0.00;0.00;0.01;0.04;0.13;0.87;0.82;0.98;0.01;0.00;0.62;0.08;0.25;0.00;0.00;0.43;0.57;0.29;0.29;0.43;0.00;1.00;0.33;0.67;0.00;1.00;0.00;0.18;0.82
111;ΑΓΙΟΣ ΑΘΑΝΑΣΙΟΣ;6η ΔΚ;23747;38006;0.02;0.32;0.45;0.20;0.29;0.71;0.76;0.12;0.12;1.00;0.00;0.02;0.80;0.17;0.47;0.31;0.20;0.56;0.36;0.05;0.99;0.01;0.00;0.36;0.23;0.05;0.01;0.09;0.47;0.04;0.76;0.44;0.20;0.02;0.31;0.48;0.20;5.86;2.68;5.63;8.30;0.05;0.02;0.29;0.64;0.05;0.00;0.58;0.20;0.00;0.09;0.00;0.01;0.00;0.00;0.00;0.25;0.75;0.67;0.89;0.03;0.01;0.92;0.01;0.01;0.73;0.00;0.27;0.00;0.73;0.00;0.27;0.00;1.00;0.80;0.20;0.80;0.20;0.05;0.38;0.57
126;ΑΓΙΟΣ ΑΝΤΩΝΗΣ;5η ΔΚ;23743;38025;0.02;0.12;0.75;0.11;0.19;0.81;0.93;0.06;0.01;1.00;0.00;0.01;0.58;0.41;0.21;0.61;0.17;0.65;0.29;0.05;0.96;0.03;0.01;0.39;0.09;0.00;0.01;0.00;0.65;0.00;0.43;0.05;0.21;0.00;0.32;0.22;0.03;4.10;4.59;1.98;6.89;0.03;0.00;0.65;0.32;0.00;0.02;0.48;0.12;0.02;0.18;0.04;0.12;0.00;0.00;0.00;0.03;0.97;1.00;0.94;0.01;0.04;0.88;0.03;0.09;0.14;0.00;0.86;0.00;0.14;0.00;0.86;0.20;0.80;1.00;0.00;1.00;0.00;0.00;0.25;0.75
144;ΑΓΙΟΣ ΑΡΤΕΜΙΟΣ;2η ΔΚ;23742;37961;0.03;0.86;0.10;0.01;0.27;0.73;0.74;0.08;0.17;0.99;0.01;0.01;0.76;0.22;0.62;0.16;0.20;0.76;0.17;0.06;0.87;0.13;0.01;0.45;0.44;0.01;0.00;0.00;0.33;0.00;0.67;0.05;0.14;0.01;0.23;0.56;0.76;9.24;4.05;18.39;7.43;0.04;0.00;0.27;0.69;0.00;0.00;0.39;0.28;0.02;0.17;0.00;0.02;0.00;0.00;0.07;0.38;0.62;0.98;0.78;0.02;0.05;0.56;0.08;0.22;0.33;0.17;0.50;0.00;0.20;0.00;0.80;0.17;0.83;0.75;0.25;0.75;0.25;0.13;0.27;0.60
140;ΑΓΙΟΣ ΓΕΩΡΓΙΟΣ;4η ΔΚ;23711;37988;0.01;0.16;0.80;0.03;0.26;0.74;0.83;0.12;0.06;0.99;0.01;0.01;0.90;0.09;0.80;0.08;0.11;0.75;0.17;0.07;0.99;0.00;0.01;0.43;0.11;0.01;0.03;0.05;0.41;0.03;0.85;0.15;0.15;0.03;0.37;0.59;1.49;2.56;2.80;5.44;10.18;0.06;0.00;0.53;0.42;0.00;0.00;0.48;0.21;0.04;0.15;0.02;0.03;0.00;0.01;0.01;1.00;0.00;0.69;0.93;0.04;0.02;0.92;0.07;0.01;0.45;0.00;0.55;0.00;0.45;0.00;0.55;0.08;0.92;1.00;0.00;1.00;0.00;0.25;0.50;0.25
90;ΑΓΙΟΣ ΓΕΩΡΓΙΟΣ ΚΥΨΕΛΗΣ;6η ΔΚ;23735;37998;0.02;0.44;0.50;0.04;0.39;0.61;0.69;0.14;0.17;0.99;0.01;0.00;0.87;0.13;0.20;0.52;0.28;0.25;0.28;0.47;0.68;0.29;0.03;0.28;0.06;0.00;0.00;0.00;0.19;0.00;0.18;0.13;0.04;0.00;0.01;0.25;4.60;1.73;3.56;21.40;8.08;0.06;0.00;0.35;0.59;0.00;0.00;0.36;0.16;0.02;0.01;0.09;0.08;0.05;0.00;0.15;0.03;0.97;0.87;0.79;0.09;0.12;0.18;0.12;0.66;0.07;0.00;0.64;0.29;0.18;0.00;0.82;0.00;1.00;1.00;0.00;0.00;1.00;0.00;0.50;0.50
94;ΑΓΙΟΣ ΕΛΕΥΘΕΡΙΟΣ Ι;5η ΔΚ;23.73;38018;0.11;0.16;0.67;0.06;0.36;0.64;0.78;0.19;0.04;0.98;0.02;0.00;0.42;0.58;0.05;0.49;0.46;0.29;0.51;0.20;0.98;0.00;0.02;0.33;0.01;0.00;0.00;0.00;0.36;0.01;0.30;0.15;0.05;0.04;0.17;0.00;0.00;2.08;4.99;13.06;6.33;0.04;0.00;0.46;0.50;0.00;0.00;0.26;0.31;0.00;0.08;0.19;0.05;0.00;0.00;0.07;0.08;0.92;0.90;0.90;0.05;0.05;0.47;0.10;0.23;0.00;0.21;0.79;0.00;0.00;0.33;0.67;0.00;1.00;0.75;0.25;0.75;0.25;0.23;0.31;0.46
125;ΑΓΙΟΣ ΕΛΕΥΘΕΡΙΟΣ ΙΙ;5η ΔΚ;23727;38.02;0.06;0.07;0.73;0.13;0.26;0.73;0.90;0.06;0.03;0.98;0.01;0.07;0.44;0.48;0.07;0.40;0.44;0.38;0.32;0.22;0.97;0.02;0.00;0.41;0.00;0.00;0.00;0.00;0.33;0.00;0.35;0.06;0.07;0.01;0.07;0.04;0.00;6.39;5.23;9.32;6.01;0.07;0.00;0.55;0.38;0.00;0.02;0.36;0.21;0.00;0.10;0.20;0.03;0.00;0.00;0.00;0.10;0.90;0.96;0.94;0.02;0.03;0.71;0.10;0.14;0.14;0.00;0.86;0.00;0.15;0.15;0.69;0.20;0.80;0.71;0.29;0.50;0.50;0.20;0.80;0.00
51;ΑΓΙΟΣ ΘΩΜΑΣ;7η ΔΚ;23763;37983;0.11;0.21;0.55;0.12;0.40;0.60;0.81;0.15;0.04;0.98;0.02;0.03;0.45;0.52;0.28;0.36;0.33;0.47;0.26;0.25;0.80;0.15;0.05;0.10;0.16;0.04;0.04;0.00;0.48;0.01;0.12;0.34;0.13;0.04;0.45;0.17;5.02;9.18;4.20;12.44;8.13;0.04;0.00;0.32;0.63;0.00;0.00;0.49;0.13;0.01;0.02;0.28;0.00;0.02;0.00;0.00;0.11;0.89;0.79;0.82;0.09;0.08;0.76;0.16;0.08;0.23;0.31;0.46;0.00;0.21;0.14;0.64;0.08;0.92;0.17;0.83;0.40;0.60;0.00;0.80;0.20
12;ΑΓΙΟΣ ΙΩΑΝΝΗΣ;2η ΔΚ;23735;37958;0.02;0.37;0.51;0.09;0.48;0.51;0.74;0.17;0.08;0.99;0.01;0.03;0.64;0.33;0.46;0.21;0.29;0.63;0.17;0.16;0.92;0.07;0.01;0.14;0.09;0.01;0.01;0.00;0.64;0.00;0.10;0.14;0.21;0.00;0.13;0.32;4.51;3.71;2.58;18.50;8.49;0.06;0.01;0.36;0.57;0.00;0.00;0.40;0.16;0.00;0.06;0.09;0.02;0.06;0.00;0.13;0.10;0.90;0.44;0.82;0.05;0.08;0.64;0.04;0.26;0.57;0.00;0.43;0.00;0.67;0.33;0.00;0.43;0.57;1.00;0.00;1.00;0.00;0.38;0.25;0.38
84;ΑΓΙΟΣ ΚΩΝΣΤΑΝΤΙΝΟΣ;4η ΔΚ;23716;37996;0.03;0.36;0.60;0.01;0.21;0.78;0.83;0.10;0.07;1.00;0.00;0.00;0.84;0.15;0.74;0.16;0.08;0.81;0.14;0.03;0.83;0.08;0.09;0.36;0.41;0.01;0.00;0.00;0.34;0.00;0.89;0.08;0.16;0.02;0.21;0.67;0.41;2.64;1.97;10.11;8.70;0.04;0.00;0.24;0.72;0.00;0.00;0.60;0.24;0.03;0.00;0.02;0.03;0.00;0.01;0.00;0.28;0.72;0.99;0.93;0.01;0.03;0.73;0.09;0.15;0.27;0.18;0.55;0.00;0.27;0.18;0.55;0.09;0.91;1.00;0.00;1.00;0.00;0.00;0.40;0.60
4;ΑΓΙΟΣ ΛΟΥΚΑΣ;5η ΔΚ;23737;38014;0.04;0.52;0.43;0.02;0.17;0.83;0.88;0.07;0.05;0.99;0.01;0.00;0.74;0.26;0.56;0.34;0.10;0.74;0.16;0.09;0.92;0.08;0.00;0.29;0.31;0.01;0.01;0.00;0.54;0.00;0.58;0.16;0.16;0.00;0.12;0.42;7.78;3.40;3.12;15.87;8.43;0.03;0.00;0.31;0.66;0.00;0.00;0.53;0.11;0.01;0.04;0.10;0.08;0.08;0.01;0.00;0.23;0.77;0.51;0.84;0.09;0.07;0.60;0.07;0.32;0.07;0.00;0.40;0.53;0.33;0.00;0.67;0.00;1.00;0.43;0.57;0.67;0.33;0.00;0.73;0.27
118;ΑΓΙΟΣ ΝΙΚΟΛΑΟΣ;6η ΔΚ;23.73;38009;0.02;0.55;0.40;0.03;0.18;0.82;0.83;0.10;0.08;0.99;0.01;0.00;0.85;0.15;0.61;0.21;0.18;0.75;0.05;0.20;0.99;0.00;0.00;0.10;0.37;0.00;0.00;0.00;0.31;0.00;0.51;0.31;0.14;0.00;0.09;0.55;0.61;2.24;2.41;16.94;7.51;0.07;0.00;0.16;0.76;0.00;0.00;0.52;0.30;0.01;0.00;0.03;0.02;0.04;0.00;0.00;0.19;0.81;0.96;0.98;0.00;0.00;0.66;0.07;0.22;0.00;0.67;0.33;0.00;0.00;0.18;0.82;0.14;0.86;0.60;0.40;0.33;0.67;0.25;0.00;0.75
92;ΑΓΙΟΣ ΠΑΝΤΕΛΕΗΜΩΝ;6η ΔΚ;23725;37998;0.02;0.50;0.43;0.05;0.32;0.68;0.73;0.08;0.19;1.00;0.00;0.00;0.86;0.13;0.56;0.35;0.08;0.79;0.16;0.04;0.82;0.14;0.03;0.33;0.45;0.01;0.05;0.00;0.30;0.00;0.67;0.08;0.17;0.01;0.23;0.51;1.36;9.02;3.77;10.83;9.40;0.06;0.00;0.16;0.77;0.00;0.00;0.50;0.25;0.02;0.10;0.00;0.00;0.06;0.01;0.00;0.50;0.50;0.99;0.84;0.05;0.09;0.58;0.14;0.25;0.17;0.33;0.50;0.00;0.14;0.00;0.86;0.00;1.00;0.50;0.50;0.20;0.80;0.14;0.00;0.86
1;ΑΓΙΟΣ ΠΑΥΛΟΣ;1η ΔΚ;23723;37988;0.03;0.28;0.62;0.06;0.49;0.51;0.69;0.19;0.13;0.99;0.01;0.01;0.74;0.25;0.44;0.33;0.23;0.73;0.23;0.03;0.85;0.07;0.07;0.21;0.18;0.01;0.01;0.00;0.60;0.01;0.59;0.02;0.18;0.02;0.39;0.36;13.71;6.35;3.78;15.09;8.66;0.05;0.00;0.18;0.76;0.00;0.00;0.36;0.33;0.03;0.04;0.02;0.02;0.03;0.11;0.02;0.28;0.72;0.99;0.87;0.03;0.10;0.50;0.23;0.27;0.22;0.00;0.33;0.44;0.60;0.40;0.00;0.00;1.00;1.00;0.00;1.00;0.00;0.33;0.67;0.00
7;ΑΓΙΟΣ ΣΩΣΤΗΣ;2η ΔΚ;23719;37954;0.10;0.31;0.45;0.02;0.41;0.59;0.92;0.03;0.05;0.98;0.02;0.11;0.61;0.28;0.20;0.36;0.33;0.63;0.13;0.12;0.98;0.02;0.00;0.38;0.03;0.00;0.00;0.00;0.39;0.00;0.24;0.17;0.10;0.00;0.17;0.12;1.49;24.75;7.09;1.88;7.90;0.04;0.00;0.67;0.29;0.02;0.00;0.10;0.13;0.06;0.51;0.06;0.02;0.00;0.00;0.07;0.04;0.86;0.88;0.87;0.05;0.06;0.84;0.11;0.03;0.45;0.00;0.55;0.00;0.33;0.17;0.50;0.40;0.60;0.75;0.25;0.75;0.25;0.21;0.14;0.64
106;ΑΓΙΟΥ ΜΕΛΕΤΙΟΥ I;4η ΔΚ;23718;38003;0.00;0.79;0.19;0.01;0.28;0.72;0.72;0.09;0.19;1.00;0.00;0.01;0.82;0.16;0.72;0.21;0.05;0.79;0.20;0.00;0.89;0.05;0.06;0.43;0.43;0.00;0.01;0.00;0.29;0.00;0.89;0.12;0.07;0.00;0.19;0.51;0.00;1.36;2.70;16.09;7.35;0.02;0.00;0.15;0.83;0.00;0.00;0.51;0.39;0.03;0.05;0.01;0.00;0.00;0.00;0.00;0.79;0.21;0.99;0.91;0.00;0.03;0.59;0.15;0.19;1.00;0.00;0.00;0.00;1.00;0.00;0.00;0.33;0.67;1.00;0.00;1.00;0.00;0.00;0.40;0.60
104;ΑΓΙΟΥ ΜΕΛΕΤΙΟΥ II;6η ΔΚ;23726;38002;0.00;0.78;0.21;0.00;0.31;0.69;0.67;0.13;0.20;0.99;0.01;0.00;0.94;0.05;0.69;0.25;0.06;0.83;0.17;0.00;0.83;0.17;0.00;0.15;0.67;0.00;0.00;0.00;0.24;0.00;0.91;0.23;0.08;0.03;0.16;0.76;0.20;0.08;1.76;13.45;9.05;0.01;0.00;0.15;0.85;0.00;0.00;0.57;0.26;0.01;0.07;0.01;0.00;0.07;0.00;0.00;0.55;0.45;0.99;0.95;0.00;0.02;0.36;0.06;0.55;0.00;0.40;0.60;0.00;0.00;0.40;0.60;0.00;1.00;0.00;1.00;0.00;1.00;0.33;0.67;0.00
97;ΑΚΑΔΗΜΙΑ ΠΛΑΤΩΝΟΣ Ι;4η ΔΚ;23707;37996;0.14;0.68;0.15;0.01;0.55;0.44;0.83;0.04;0.12;0.97;0.01;0.20;0.49;0.30;0.52;0.14;0.13;0.64;0.14;0.01;0.94;0.04;0.00;0.35;0.34;0.01;0.01;0.00;0.26;0.00;0.64;0.08;0.08;0.03;0.20;0.33;0.06;13.59;4.25;9.39;7.68;0.04;0.00;0.58;0.37;0.00;0.02;0.37;0.22;0.06;0.04;0.03;0.18;0.00;0.03;0.01;0.18;0.82;1.00;0.90;0.04;0.03;0.84;0.05;0.07;0.19;0.15;0.67;0.00;0.19;0.15;0.67;0.04;0.96;1.00;0.00;1.00;0.00;0.26;0.35;0.39
81;ΑΚΑΔΗΜΙΑ ΠΛΑΤΩΝΟΣ ΙΙ;4η ΔΚ;23703;37993;0.10;0.60;0.19;0.07;0.89;0.07;0.94;0.03;0.00;0.96;0.01;0.41;0.14;0.42;0.17;0.13;0.26;0.44;0.08;0.04;0.92;0.00;0.05;0.24;0.07;0.02;0.00;0.00;0.45;0.00;0.36;0.04;0.22;0.05;0.21;0.06;0.00;4.10;2.81;4.92;8.00;0.00;0.00;0.77;0.22;0.00;0.03;0.10;0.20;0.12;0.05;0.16;0.19;0.00;0.06;0.09;0.00;1.00;1.00;0.96;0.00;0.03;0.96;0.02;0.01;0.15;0.15;0.69;0.00;0.15;0.15;0.69;0.20;0.80;1.00;0.00;0.71;0.29;0.27;0.18;0.55
107;ΑΛΕΠΟΤΡΥΠΑ;6η ΔΚ;23742;38006;0.03;0.34;0.44;0.19;0.20;0.80;0.71;0.18;0.10;1.00;0.00;0.03;0.76;0.21;0.48;0.40;0.09;0.51;0.42;0.03;0.99;0.01;0.00;0.34;0.22;0.00;0.02;0.02;0.46;0.05;0.73;0.37;0.14;0.01;0.43;0.57;0.00;12.36;1.91;4.05;7.41;0.00;0.04;0.17;0.78;0.04;0.01;0.66;0.24;0.01;0.00;0.00;0.00;0.00;0.00;0.00;0.00;1.00;0.67;0.93;0.00;0.00;0.91;0.01;0.01;1.00;0.00;0.00;0.00;1.00;0.00;0.00;0.00;1.00;0.00;1.00;1.00;0.00;0.00;1.00;0.00
116;ΑΛΕΠΟΤΡΥΠΑ ΠΑΤΗΣΙΑ;5η ΔΚ;23741;38.01;0.03;0.23;0.66;0.04;0.10;0.87;0.95;0.01;0.00;0.96;0.01;0.05;0.52;0.40;0.52;0.32;0.08;0.69;0.21;0.02;0.96;0.00;0.00;0.65;0.08;0.00;0.00;0.00;0.71;0.00;0.58;0.14;0.23;0.00;0.47;0.40;0.16;1.43;3.81;4.01;8.47;0.03;0.01;0.39;0.56;0.00;0.01;0.74;0.07;0.01;0.05;0.05;0.03;0.00;0.00;0.00;1.00;0.00;0.00;0.90;0.02;0.00;0.87;0.05;0.00;0.25;0.00;0.75;0.00;0.25;0.00;0.75;0.00;1.00;0.33;0.67;1.00;0.00;0.33;0.67;0.00
55;ΑΛΣΟΣ ΓΟΥΔΗ  ΦΥΤΩΡΙΟ ΔΗΜΟΥ ΑΘΗΝΑΙΩΝ;7η ΔΚ;23779;37986;0.09;0.00;0.00;0.00;0.19;0.00;0.19;0.00;0.00;0.19;0.00;0.00;0.09;0.00;0.00;0.00;0.09;0.00;0.00;0.09;0.10;0.09;0.00;0.09;0.00;0.00;0.00;0.00;0.00;0.00;0.00;0.00;0.00;0.00;0.00;0.00;0.00;30.00;3.33;33.33;11.00;0.00;0.00;0.33;0.08;0.00;0.00;0.07;0.00;0.01;0.04;0.00;0.00;0.00;0.00;0.29;;;;1.00;0.00;0.00;1.00;0.00;0.00;0.08;0.17;0.75;0.00;0.18;0.00;0.82;0.00;1.00;1.00;0.00;0.67;0.33;0.11;0.89;0.00
117;ΑΛΥΣΙΔΑ;5η ΔΚ;23736;38026;0.14;0.04;0.69;0.06;0.25;0.68;0.85;0.06;0.01;0.93;0.00;0.03;0.46;0.44;0.20;0.43;0.26;0.41;0.39;0.10;0.86;0.07;0.01;0.51;0.01;0.00;0.00;0.00;0.40;0.01;0.40;0.07;0.09;0.00;0.11;0.17;0.00;14.44;6.89;12.96;6.96;0.12;0.00;0.50;0.37;0.00;0.07;0.31;0.22;0.05;0.16;0.03;0.04;0.00;0.00;0.00;0.25;0.75;0.95;0.90;0.03;0.05;0.65;0.18;0.17;0.00;0.00;1.00;0.00;0.00;0.00;1.00;0.33;0.67;1.00;0.00;1.00;0.00;0.00;0.00;1.00
102;ΑΜΕΡΙΚΗΣ;6η ΔΚ;23731;38002;0.01;0.57;0.41;0.01;0.19;0.81;0.72;0.16;0.11;0.99;0.01;0.01;0.84;0.16;0.34;0.41;0.25;0.61;0.15;0.23;0.92;0.07;0.00;0.24;0.28;0.02;0.01;0.00;0.29;0.00;0.44;0.30;0.16;0.00;0.04;0.42;5.67;4.60;3.51;11.28;8.37;0.06;0.00;0.14;0.80;0.00;0.00;0.65;0.07;0.01;0.08;0.00;0.00;0.07;0.02;0.05;0.08;0.92;0.96;0.94;0.01;0.04;0.51;0.02;0.42;0.07;0.13;0.80;0.00;0.07;0.13;0.80;0.00;1.00;0.50;0.50;0.09;0.91;0.27;0.18;0.55
62;ΑΜΠΕΛΟΚΗΠΟΙ Ι;7η ΔΚ;23761;37989;0.05;0.33;0.50;0.13;0.26;0.74;0.79;0.15;0.05;0.92;0.08;0.00;0.65;0.35;0.42;0.41;0.17;0.60;0.24;0.16;0.92;0.04;0.04;0.38;0.17;0.00;0.01;0.00;0.55;0.00;0.52;0.31;0.34;0.01;0.10;0.33;0.00;6.31;5.46;12.19;9.85;0.00;0.00;0.46;0.53;0.00;0.00;0.37;0.09;0.01;0.05;0.05;0.03;0.00;0.00;0.39;0.20;0.80;0.95;0.86;0.11;0.03;0.48;0.18;0.33;0.10;0.00;0.90;0.00;0.10;0.00;0.90;0.33;0.67;1.00;0.00;0.33;0.67;0.00;0.18;0.82
66;ΑΜΠΕΛΟΚΗΠΟΙ ΙΙ;7η ΔΚ;23764;37992;0.05;0.42;0.39;0.14;0.35;0.65;0.79;0.13;0.07;0.95;0.05;0.01;0.64;0.36;0.53;0.32;0.15;0.68;0.09;0.22;0.90;0.09;0.01;0.35;0.19;0.01;0.02;0.00;0.49;0.00;0.58;0.17;0.33;0.02;0.16;0.29;0.20;5.26;2.91;17.11;9.16;0.01;0.00;0.30;0.69;0.00;0.00;0.52;0.16;0.03;0.02;0.08;0.00;0.00;0.00;0.19;0.11;0.89;0.98;0.91;0.07;0.01;0.64;0.12;0.23;0.10;0.00;0.90;0.00;0.10;0.00;0.90;0.00;1.00;0.60;0.40;0.14;0.86;0.00;0.67;0.33
79;ΑΝΩ ΑΜΠΕΛΟΚΗΠΟΙ;7η ΔΚ;23764;37995;0.08;0.10;0.49;0.32;0.39;0.61;0.91;0.07;0.02;0.92;0.08;0.03;0.47;0.50;0.59;0.22;0.17;0.71;0.23;0.04;0.98;0.02;0.00;0.48;0.06;0.01;0.00;0.00;0.30;0.00;0.61;0.11;0.07;0.02;0.16;0.06;0.00;6.97;3.96;10.31;8.51;0.02;0.01;0.47;0.49;0.01;0.00;0.34;0.23;0.01;0.00;0.14;0.06;0.00;0.00;0.17;0.18;0.82;0.86;0.87;0.03;0.04;0.81;0.06;0.07;0.25;0.00;0.75;0.00;0.25;0.00;0.75;0.33;0.67;0.71;0.29;1.00;0.00;0.08;0.46;0.46
122;ΑΝΩ ΠΑΤΗΣΙΑ;5η ΔΚ;23734;38021;0.04;0.09;0.72;0.15;0.20;0.80;0.91;0.06;0.02;0.93;0.07;0.00;0.48;0.51;0.35;0.33;0.32;0.48;0.35;0.16;0.87;0.13;0.00;0.47;0.05;0.00;0.00;0.00;0.40;0.00;0.55;0.27;0.09;0.00;0.03;0.02;0.00;7.55;5.60;8.94;8.11;0.05;0.00;0.35;0.60;0.00;0.00;0.45;0.18;0.01;0.06;0.00;0.01;0.16;0.00;0.07;0.02;0.98;0.97;0.84;0.00;0.16;0.37;0.18;0.42;0.00;0.00;1.00;0.00;0.00;0.00;1.00;0.00;1.00;1.00;0.00;0.33;0.67;0.00;0.00;1.00
88;ΑΡΙΣΤΟΤΕΛΟΥΣ;6η ΔΚ;23.73;37998;0.00;0.53;0.46;0.00;0.41;0.59;0.56;0.05;0.39;1.00;0.00;0.00;0.95;0.05;0.35;0.41;0.24;0.67;0.29;0.04;0.72;0.18;0.10;0.34;0.27;0.00;0.01;0.00;0.19;0.00;0.55;0.09;0.08;0.01;0.14;0.45;0.85;6.97;4.74;28.80;9.42;0.07;0.00;0.20;0.72;0.00;0.00;0.33;0.23;0.02;0.15;0.00;0.00;0.07;0.00;0.12;0.57;0.43;0.98;0.62;0.11;0.13;0.35;0.07;0.43;0.17;0.33;0.50;0.00;0.14;0.00;0.86;0.00;1.00;0.20;0.80;0.00;1.00;0.00;0.57;0.43
31;ΑΡΧΑΙΟΛΟΓΙΚΟΣ ΧΩΡΟΣ ΑΚΡΟΠΟΛΗΣ ΦΙΛΟΠΑΠΠΟΥ;3η ΔΚ;23721;37.97;0.75;0.07;0.05;0.05;0.84;0.07;0.91;0.00;0.00;0.91;0.00;0.27;0.32;0.33;0.09;0.17;0.38;0.25;0.07;0.32;0.73;0.19;0.00;0.09;0.01;0.00;0.00;0.00;0.03;0.00;0.09;0.00;0.00;0.00;0.10;0.02;0.00;43.11;3.18;0.87;7.29;0.28;0.08;0.46;0.18;0.02;0.05;0.17;0.14;0.03;0.03;0.10;0.09;0.00;0.01;0.00;;;;0.54;0.00;0.00;0.52;0.01;0.00;;;;;;;;;;;;;;;;
112;ΑΤΤΙΚΟ ΑΛΣΟΣ;7η ΔΚ;23756;38003;0.42;0.08;0.23;0.11;0.55;0.29;0.84;0.00;0.00;0.84;0.00;0.18;0.02;0.64;0.20;0.44;0.02;0.31;0.33;0.02;0.84;0.00;0.00;0.31;0.00;0.00;0.00;0.00;0.64;0.00;0.53;0.00;0.32;0.00;0.13;0.00;0.00;4.29;6.29;0.00;5.60;0.00;0.11;0.69;0.20;0.00;0.07;0.23;0.00;0.06;0.01;0.19;0.24;0.08;0.00;0.00;;;;0.00;0.00;0.00;0.00;0.00;0.00;0.00;0.00;1.00;0.00;0.00;0.00;1.00;0.00;1.00;1.00;0.00;1.00;0.00;0.00;1.00;0.00
21;ΒΑΡΝΑΒΑ;2η ΔΚ;23743;37965;0.02;0.39;0.54;0.06;0.20;0.80;0.92;0.08;0.00;0.97;0.03;0.04;0.40;0.56;0.25;0.49;0.22;0.65;0.16;0.15;0.86;0.12;0.03;0.22;0.22;0.00;0.01;0.00;0.65;0.00;0.17;0.12;0.24;0.01;0.38;0.24;0.18;2.61;4.27;10.61;7.92;0.01;0.01;0.33;0.63;0.03;0.01;0.47;0.12;0.02;0.14;0.00;0.07;0.09;0.00;0.02;0.10;0.90;0.63;0.84;0.05;0.09;0.72;0.04;0.21;0.45;0.00;0.55;0.00;0.33;0.17;0.50;0.17;0.83;0.56;0.44;1.00;0.00;0.23;0.31;0.46
20;ΒΕΪΚΟΥ;1η ΔΚ;23724;37965;0.01;0.25;0.58;0.16;0.48;0.52;0.86;0.13;0.01;0.96;0.04;0.00;0.71;0.28;0.28;0.45;0.27;0.51;0.26;0.22;0.82;0.14;0.03;0.15;0.14;0.00;0.00;0.00;0.19;0.00;0.21;0.07;0.06;0.00;0.28;0.22;10.00;7.07;3.21;22.73;9.94;0.05;0.02;0.23;0.70;0.01;0.00;0.50;0.16;0.01;0.13;0.04;0.00;0.00;0.02;0.06;0.05;0.95;0.99;0.88;0.02;0.01;0.44;0.13;0.35;0.00;0.25;0.75;0.00;0.00;0.40;0.60;0.00;1.00;0.71;0.29;0.33;0.67;0.08;0.46;0.46
36;ΒΟΥΛΗ;1η ΔΚ;23737;37975;0.00;0.00;0.00;1.00;1.00;0.00;1.00;0.00;0.00;1.00;0.00;0.00;0.76;0.24;0.00;0.00;1.00;0.00;0.00;1.00;1.00;0.00;0.00;0.00;0.00;0.00;0.00;0.00;0.00;0.00;0.00;0.00;0.00;0.00;0.00;0.00;0.00;5.00;29.00;45.00;13.27;0.05;0.00;0.46;0.49;0.00;0.00;0.00;0.00;0.08;0.00;0.00;0.05;0.00;0.04;0.78;0.00;1.00;1.00;0.00;1.00;0.00;0.40;0.44;0.16;;;;;;;;;;;;;;;;
19;ΒΡΑΤΡΑΧΟΝΗΣΙ;2η ΔΚ;23746;37972;0.05;0.30;0.41;0.14;0.39;0.60;0.93;0.05;0.01;0.93;0.06;0.03;0.47;0.40;0.15;0.37;0.36;0.37;0.29;0.21;0.77;0.16;0.05;0.10;0.14;0.04;0.00;0.00;0.41;0.00;0.17;0.14;0.14;0.04;0.28;0.19;0.00;4.38;3.63;17.91;7.87;0.03;0.02;0.41;0.55;0.00;0.00;0.38;0.15;0.00;0.22;0.00;0.00;0.00;0.00;0.20;0.07;0.93;0.73;0.78;0.09;0.13;0.68;0.12;0.20;0.00;0.00;1.00;0.00;0.00;0.00;1.00;0.00;1.00;0.11;0.89;0.25;0.75;0.00;0.50;0.50
101;ΓΗΡΟΚΟΜΕΙΟ;7η ΔΚ;23765;38;0.08;0.12;0.69;0.11;0.25;0.75;0.92;0.06;0.01;0.99;0.01;0.02;0.30;0.68;0.56;0.28;0.14;0.80;0.12;0.06;0.97;0.03;0.00;0.79;0.04;0.00;0.01;0.00;0.74;0.00;0.66;0.17;0.15;0.02;0.30;0.27;0.10;4.45;8.82;4.53;7.99;0.02;0.01;0.45;0.52;0.01;0.00;0.47;0.16;0.02;0.04;0.05;0.14;0.00;0.01;0.08;0.04;0.96;0.88;0.85;0.02;0.07;0.88;0.04;0.03;0.13;0.35;0.52;0.00;0.17;0.08;0.75;0.10;0.90;1.00;0.00;0.83;0.17;0.04;0.48;0.48
34;ΓΚΑΖΟΧΩΡΙ I;3η ΔΚ;23709;37976;0.15;0.45;0.21;0.14;0.66;0.29;0.90;0.01;0.04;0.81;0.13;0.06;0.59;0.30;0.34;0.30;0.24;0.64;0.12;0.12;0.94;0.01;0.00;0.23;0.05;0.00;0.00;0.00;0.38;0.04;0.41;0.08;0.08;0.04;0.13;0.20;4.62;19.01;3.47;10.58;7.51;0.04;0.00;0.48;0.46;0.04;0.00;0.17;0.24;0.09;0.03;0.00;0.26;0.00;0.01;0.10;0.26;0.74;0.95;0.83;0.01;0.07;0.67;0.20;0.04;0.00;0.00;1.00;0.00;0.00;0.00;1.00;0.00;1.00;1.00;0.00;1.00;0.00;0.00;0.67;0.33
41;ΓΚΑΖΟΧΩΡΙ II;3η ΔΚ;23713;37978;0.46;0.30;0.25;0.00;1.00;0.00;1.00;0.00;0.00;1.00;0.00;0.03;0.19;0.79;0.29;0.35;0.33;0.04;0.37;0.56;0.55;0.34;0.11;0.21;0.12;0.09;0.00;0.00;0.31;0.00;0.66;0.00;0.19;0.00;0.13;0.00;0.00;32.00;4.87;42.00;5.77;0.08;0.00;0.23;0.69;0.12;0.00;0.23;0.28;0.14;0.00;0.00;0.12;0.00;0.00;0.03;0.57;0.43;0.89;0.30;0.00;0.01;0.10;0.13;0.08;0.00;0.00;1.00;0.00;0.00;0.00;1.00;0.00;1.00;1.00;0.00;1.00;0.00;0.00;0.00;1.00
3;ΓΚΡΑΒΑ;5η ΔΚ;23742;38014;0.06;0.10;0.72;0.11;0.37;0.63;0.91;0.05;0.03;0.99;0.00;0.03;0.46;0.50;0.37;0.43;0.16;0.60;0.23;0.11;0.98;0.02;0.00;0.56;0.11;0.00;0.00;0.00;0.69;0.00;0.69;0.11;0.12;0.05;0.23;0.26;0.00;2.86;5.56;5.91;7.10;0.03;0.00;0.71;0.26;0.00;0.01;0.45;0.08;0.01;0.12;0.06;0.24;0.00;0.00;0.00;0.40;0.60;0.80;0.77;0.12;0.05;0.70;0.09;0.15;0.10;0.00;0.90;0.00;0.10;0.00;0.90;0.33;0.67;0.60;0.40;0.60;0.40;0.00;1.00;0.00
69;ΓΚΥΖΗ;7η ΔΚ;23751;37991;0.04;0.21;0.59;0.14;0.26;0.72;0.85;0.07;0.06;0.95;0.04;0.07;0.52;0.39;0.50;0.22;0.19;0.62;0.21;0.09;0.95;0.02;0.01;0.19;0.14;0.00;0.01;0.00;0.29;0.00;0.41;0.05;0.04;0.01;0.44;0.19;0.76;15.76;2.91;7.85;7.85;0.01;0.06;0.35;0.58;0.02;0.00;0.39;0.17;0.03;0.09;0.01;0.01;0.02;0.00;0.18;0.15;0.85;0.81;0.79;0.04;0.01;0.68;0.06;0.10;0.63;0.00;0.38;0.00;0.63;0.00;0.38;0.09;0.91;0.50;0.50;0.71;0.29;0.00;0.77;0.23
10;ΓΟΥΒΑ Ι;2η ΔΚ;23741;37958;0.09;0.54;0.36;0.00;0.29;0.71;0.85;0.09;0.06;0.95;0.05;0.00;0.84;0.16;0.73;0.11;0.16;0.71;0.19;0.10;0.90;0.10;0.00;0.30;0.25;0.00;0.01;0.00;0.25;0.00;0.66;0.09;0.16;0.00;0.11;0.59;0.52;16.87;2.99;18.26;6.93;0.06;0.00;0.12;0.82;0.00;0.00;0.34;0.44;0.01;0.06;0.00;0.01;0.03;0.00;0.05;0.22;0.78;0.77;0.85;0.00;0.02;0.51;0.11;0.26;0.50;0.00;0.50;0.00;0.50;0.00;0.50;0.60;0.40;1.00;0.00;1.00;0.00;0.60;0.40;0.00
16;ΓΟΥΒΑ ΙΙ;2η ΔΚ;23745;37958;0.00;0.85;0.15;0.00;0.05;0.95;0.97;0.03;0.01;0.98;0.02;0.00;0.65;0.35;0.93;0.05;0.02;0.94;0.06;0.01;0.96;0.04;0.00;0.44;0.66;0.00;0.00;0.00;0.55;0.00;0.97;0.08;0.27;0.00;0.41;0.80;0.00;1.99;1.48;15.39;6.65;0.00;0.01;0.38;0.62;0.00;0.00;0.20;0.68;0.03;0.08;0.00;0.00;0.00;0.00;0.00;0.40;0.60;1.00;0.98;0.00;0.01;0.82;0.08;0.09;;;;;;;;;;;;;;;;
14;ΔΟΥΡΓΟΥΤΙ Ι;2η ΔΚ;23724;37.96;0.08;0.28;0.50;0.13;0.67;0.33;0.93;0.05;0.02;1.00;0.00;0.08;0.52;0.39;0.13;0.39;0.42;0.47;0.32;0.14;1.00;0.00;0.00;0.08;0.04;0.00;0.00;0.00;0.18;0.00;0.09;0.02;0.02;0.01;0.05;0.07;0.16;30.49;4.72;3.16;9.55;0.08;0.00;0.39;0.53;0.00;0.00;0.21;0.12;0.12;0.08;0.06;0.10;0.00;0.04;0.19;0.22;0.78;0.97;0.71;0.00;0.08;0.60;0.10;0.11;0.00;0.00;1.00;0.00;0.00;0.00;1.00;0.00;1.00;1.00;0.00;0.00;1.00;0.00;0.25;0.75
9;ΔΟΥΡΓΟΥΤΙ ΙΙ;2η ΔΚ;23721;37957;0.05;0.34;0.38;0.08;0.44;0.56;0.86;0.06;0.08;0.99;0.01;0.00;0.66;0.34;0.24;0.48;0.28;0.74;0.06;0.15;0.88;0.08;0.03;0.34;0.04;0.01;0.00;0.00;0.56;0.00;0.27;0.20;0.12;0.00;0.14;0.14;0.45;2.57;3.96;0.00;7.79;0.06;0.00;0.68;0.26;0.00;0.00;0.13;0.16;0.09;0.33;0.08;0.05;0.00;0.02;0.08;0.07;0.80;0.89;0.81;0.05;0.09;0.83;0.06;0.08;0.10;0.00;0.90;0.00;0.10;0.00;0.90;0.14;0.86;1.00;0.00;0.33;0.67;0.00;0.00;1.00
52;ΕΛΑΙΩΝΑΣ;3η ΔΚ;23699;37983;0.07;0.70;0.18;0.03;0.94;0.04;0.95;0.02;0.01;0.98;0.00;0.59;0.08;0.31;0.10;0.07;0.21;0.22;0.16;0.00;0.97;0.00;0.01;0.12;0.00;0.01;0.02;0.00;0.28;0.01;0.23;0.03;0.10;0.10;0.25;0.01;0.16;2.70;2.35;2.22;8.35;0.02;0.00;0.87;0.09;0.00;0.01;0.11;0.08;0.13;0.05;0.06;0.33;0.01;0.04;0.14;0.17;0.83;0.86;0.92;0.01;0.04;0.86;0.09;0.02;0.23;0.14;0.63;0.00;0.22;0.10;0.67;0.05;0.95;1.00;0.00;0.93;0.07;0.34;0.34;0.32
77;ΕΛΛΗΝΟΡΩΣΣΩΝ Ι;7η ΔΚ;23777;37996;0.05;0.13;0.75;0.08;0.29;0.71;0.88;0.10;0.02;0.99;0.01;0.01;0.42;0.57;0.53;0.38;0.08;0.74;0.15;0.10;0.99;0.01;0.00;0.63;0.10;0.00;0.00;0.00;0.66;0.00;0.71;0.19;0.39;0.03;0.24;0.22;0.00;1.86;4.73;5.75;7.89;0.01;0.00;0.45;0.51;0.00;0.00;0.37;0.07;0.01;0.08;0.02;0.20;0.00;0.01;0.19;0.31;0.69;0.69;0.96;0.02;0.01;0.84;0.06;0.08;0.40;0.00;0.60;0.00;0.63;0.00;0.38;0.00;1.00;1.00;0.00;0.71;0.29;0.08;0.46;0.46
93;ΕΛΛΗΝΟΡΩΣΩΝ ΙΙ;7η ΔΚ;23773;37998;0.07;0.06;0.76;0.09;0.21;0.77;0.89;0.09;0.01;0.95;0.03;0.02;0.48;0.49;0.49;0.32;0.15;0.63;0.30;0.04;0.96;0.02;0.01;0.57;0.12;0.01;0.00;0.00;0.48;0.00;0.70;0.17;0.28;0.01;0.21;0.31;0.00;5.39;4.06;1.60;6.79;0.01;0.01;0.23;0.74;0.00;0.00;0.57;0.10;0.00;0.09;0.01;0.16;0.00;0.00;0.03;0.19;0.81;0.80;0.94;0.01;0.01;0.94;0.01;0.02;0.63;0.00;0.38;0.00;0.63;0.00;0.38;0.09;0.91;1.00;0.00;0.71;0.29;0.09;0.91;0.00
49;ΕΜΠΟΡΙΚΟ ΚΕΝΤΡΟ;1η ΔΚ;23.73;37.98;0.05;0.19;0.52;0.24;1.00;0.00;0.26;0.25;0.48;0.91;0.09;0.01;0.51;0.48;0.06;0.23;0.71;0.18;0.34;0.45;0.64;0.25;0.11;0.09;0.05;0.03;0.06;0.00;0.28;0.00;0.27;0.09;0.11;0.02;0.03;0.15;25.84;6.82;2.98;29.81;6.80;0.29;0.00;0.11;0.59;0.01;0.00;0.08;0.21;0.06;0.10;0.05;0.06;0.00;0.01;0.12;0.33;0.67;0.78;0.36;0.13;0.13;0.22;0.14;0.26;0.04;0.19;0.49;0.27;0.13;0.06;0.81;0.10;0.90;1.00;0.00;0.74;0.26;0.13;0.17;0.70
60;ΕΞΑΡΧΕΙΑ;1η ΔΚ;23735;37986;0.01;0.57;0.38;0.03;0.58;0.42;0.49;0.25;0.26;0.93;0.07;0.00;0.57;0.43;0.26;0.16;0.58;0.60;0.35;0.05;0.83;0.09;0.08;0.26;0.15;0.01;0.02;0.00;0.32;0.08;0.52;0.04;0.16;0.00;0.24;0.31;28.53;11.02;3.69;23.08;7.51;0.17;0.02;0.00;0.81;0.00;0.00;0.25;0.27;0.06;0.06;0.01;0.03;0.00;0.00;0.13;0.46;0.54;0.92;0.87;0.11;0.01;0.69;0.15;0.16;0.00;0.00;0.50;0.50;0.20;0.00;0.80;0.17;0.83;1.00;0.00;0.17;0.83;0.20;0.00;0.80
82;ΕΡΥΘΡΟΣ Ι;7η ΔΚ;23.77;37995;0.08;0.22;0.57;0.11;0.45;0.53;0.78;0.11;0.10;0.96;0.02;0.03;0.51;0.44;0.37;0.30;0.28;0.46;0.42;0.07;0.92;0.05;0.01;0.27;0.04;0.00;0.01;0.00;0.49;0.00;0.25;0.16;0.13;0.00;0.11;0.14;0.00;3.62;4.27;7.79;8.02;0.03;0.00;0.33;0.64;0.00;0.00;0.48;0.13;0.02;0.11;0.00;0.10;0.00;0.00;0.13;0.17;0.83;0.86;0.84;0.05;0.03;0.74;0.08;0.11;0.17;0.33;0.50;0.00;0.20;0.80;0.00;0.00;1.00;1.00;0.00;1.00;0.00;0.00;1.00;0.00
71;ΕΡΥΘΡΟΣ ΙΙ;7η ΔΚ;23772;37993;0.02;0.13;0.72;0.14;0.28;0.72;0.87;0.08;0.05;0.99;0.01;0.02;0.41;0.57;0.33;0.49;0.16;0.69;0.22;0.08;0.91;0.07;0.02;0.43;0.03;0.00;0.00;0.00;0.74;0.00;0.38;0.17;0.36;0.00;0.17;0.20;0.12;1.70;5.21;11.52;8.16;0.04;0.00;0.33;0.61;0.00;0.00;0.48;0.09;0.01;0.04;0.02;0.15;0.00;0.01;0.14;0.22;0.78;0.86;0.94;0.02;0.01;0.83;0.06;0.07;0.25;0.00;0.75;0.00;0.25;0.00;0.75;0.00;1.00;1.00;0.00;0.00;1.00;0.00;1.00;0.00
35;ΖΑΠΠΕΙΟ ΣΤΑΔΙΟ;2η ΔΚ;23737;37971;0.60;0.06;0.03;0.30;0.95;0.05;1.00;0.00;0.00;0.98;0.02;0.05;0.45;0.49;0.03;0.17;0.74;0.15;0.32;0.48;0.98;0.02;0.00;0.04;0.00;0.00;0.00;0.00;0.16;0.00;0.15;0.03;0.00;0.07;0.04;0.01;0.00;37.43;13.23;27.43;9.14;0.10;0.03;0.65;0.22;0.01;0.00;0.07;0.07;0.10;0.05;0.04;0.05;0.03;0.00;0.44;0.13;0.87;1.00;0.32;0.47;0.11;0.38;0.31;0.22;0.03;0.00;0.97;0.00;0.04;0.07;0.89;0.00;1.00;1.00;0.00;0.62;0.38;0.00;0.10;0.90
39;ΘΗΣΕΙΟ;3η ΔΚ;23717;37975;0.10;0.27;0.54;0.09;0.31;0.69;0.96;0.03;0.01;0.97;0.03;0.03;0.55;0.42;0.37;0.29;0.32;0.51;0.23;0.22;0.78;0.17;0.04;0.18;0.23;0.00;0.00;0.00;0.31;0.00;0.36;0.08;0.05;0.01;0.20;0.34;2.76;12.39;2.93;22.67;8.38;0.21;0.01;0.18;0.60;0.04;0.04;0.36;0.23;0.06;0.04;0.00;0.00;0.00;0.00;0.00;0.25;0.72;0.73;0.63;0.00;0.04;0.32;0.17;0.18;0.75;0.25;0.00;0.00;0.75;0.25;0.00;0.56;0.44;1.00;0.00;1.00;0.00;1.00;0.00;0.00
113;ΘΥΜΑΡΑΚΙΑ;4η ΔΚ;23724;38006;0.04;0.70;0.25;0.00;0.35;0.65;0.73;0.11;0.16;0.99;0.01;0.01;0.79;0.20;0.73;0.12;0.14;0.86;0.09;0.04;0.96;0.02;0.02;0.21;0.47;0.01;0.01;0.00;0.30;0.00;0.87;0.19;0.07;0.02;0.18;0.61;1.68;6.34;1.85;9.01;8.07;0.06;0.00;0.24;0.70;0.00;0.00;0.53;0.31;0.03;0.00;0.00;0.07;0.00;0.00;0.00;0.78;0.23;1.00;0.92;0.00;0.00;0.81;0.05;0.05;0.11;0.22;0.67;0.00;0.10;0.00;0.90;0.00;1.00;1.00;0.00;0.00;1.00;0.29;0.29;0.43
42;ΙΛΙΣΙΑ ΠΑΡΚΟ;1η ΔΚ;23758;37974;0.12;0.16;0.52;0.18;0.47;0.53;0.94;0.03;0.02;0.95;0.04;0.02;0.49;0.47;0.27;0.47;0.22;0.48;0.34;0.15;0.97;0.01;0.01;0.17;0.19;0.02;0.01;0.00;0.40;0.00;0.19;0.33;0.09;0.02;0.35;0.23;0.81;7.48;4.11;12.93;8.09;0.01;0.00;0.44;0.54;0.00;0.00;0.47;0.08;0.01;0.11;0.18;0.01;0.00;0.00;0.12;0.14;0.86;0.60;0.79;0.09;0.12;0.79;0.11;0.10;0.02;0.08;0.91;0.00;0.02;0.04;0.94;0.03;0.97;0.58;0.42;0.46;0.54;0.02;0.50;0.48
64;ΙΟΥΛΙΑΝΟΥ ΦΙΛΑΔΕΛΦΕΙΑΣ;1η ΔΚ;23725;37991;0.05;0.29;0.64;0.02;0.54;0.46;0.53;0.07;0.40;0.98;0.02;0.00;0.86;0.14;0.38;0.36;0.26;0.52;0.46;0.02;0.59;0.30;0.11;0.31;0.21;0.01;0.00;0.00;0.25;0.00;0.62;0.04;0.14;0.02;0.17;0.30;2.01;7.63;3.84;31.85;9.84;0.05;0.00;0.21;0.74;0.00;0.00;0.30;0.23;0.02;0.11;0.06;0.07;0.03;0.08;0.04;0.27;0.73;0.98;0.75;0.13;0.12;0.42;0.23;0.35;0.30;0.00;0.56;0.15;0.38;0.00;0.63;0.08;0.92;0.65;0.35;0.40;0.60;0.10;0.40;0.50
53;ΙΠΠΟΚΡΑΤΕΙΟ;7η ΔΚ;23.76;37983;0.03;0.17;0.56;0.23;0.39;0.61;0.81;0.11;0.08;0.99;0.01;0.06;0.45;0.49;0.34;0.34;0.26;0.57;0.19;0.17;0.91;0.09;0.00;0.13;0.19;0.05;0.05;0.00;0.57;0.00;0.16;0.30;0.10;0.01;0.43;0.28;2.65;4.31;2.45;10.36;7.56;0.02;0.00;0.46;0.52;0.00;0.00;0.33;0.11;0.02;0.00;0.16;0.05;0.03;0.02;0.27;0.18;0.82;0.58;0.71;0.18;0.11;0.70;0.11;0.19;0.07;0.00;0.64;0.29;0.18;0.00;0.82;0.25;0.75;0.67;0.33;0.25;0.75;0.00;0.14;0.86
146;ΚΑΛΛΙΡΡΟΗΣ;2η ΔΚ;23.73;37965;0.12;0.26;0.44;0.18;0.62;0.38;0.91;0.08;0.01;1.00;0.00;0.05;0.57;0.38;0.36;0.37;0.22;0.65;0.22;0.08;0.95;0.04;0.01;0.13;0.10;0.00;0.00;0.00;0.25;0.00;0.22;0.08;0.06;0.00;0.27;0.18;1.68;11.47;2.22;12.79;9.55;0.03;0.01;0.55;0.41;0.00;0.00;0.24;0.17;0.01;0.10;0.12;0.03;0.00;0.02;0.25;0.17;0.83;0.95;0.72;0.04;0.14;0.57;0.18;0.16;0.03;0.00;0.84;0.13;0.07;0.07;0.86;0.00;1.00;1.00;0.00;0.29;0.71;0.00;0.13;0.87
40;ΚΑΜΠΑ I;3η ΔΚ;23713;37975;0.27;0.31;0.36;0.06;0.66;0.33;0.89;0.09;0.01;0.99;0.01;0.02;0.61;0.36;0.28;0.39;0.30;0.52;0.24;0.21;0.85;0.11;0.04;0.15;0.12;0.00;0.02;0.00;0.25;0.00;0.37;0.09;0.09;0.02;0.13;0.23;0.58;28.72;2.80;13.13;8.56;0.20;0.00;0.27;0.52;0.03;0.00;0.28;0.13;0.04;0.08;0.05;0.13;0.00;0.01;0.02;0.26;0.74;0.94;0.60;0.00;0.10;0.40;0.15;0.18;0.33;0.00;0.67;0.00;0.35;0.12;0.53;0.05;0.95;0.67;0.33;0.82;0.18;0.38;0.25;0.38
131;ΚΑΜΠΑ II;3η ΔΚ;23719;37979;0.08;0.63;0.23;0.06;0.84;0.16;0.87;0.06;0.07;1.00;0.00;0.00;0.76;0.23;0.20;0.46;0.34;0.43;0.29;0.27;0.66;0.24;0.10;0.33;0.23;0.00;0.00;0.00;0.48;0.00;0.42;0.17;0.21;0.00;0.04;0.23;5.73;9.27;3.41;29.27;6.72;0.25;0.00;0.40;0.34;0.01;0.00;0.07;0.16;0.02;0.04;0.04;0.39;0.00;0.00;0.01;0.49;0.51;0.88;0.63;0.06;0.17;0.25;0.14;0.47;0.40;0.00;0.60;0.00;0.40;0.00;0.60;0.00;1.00;1.00;0.00;0.50;0.50;0.40;0.00;0.60
65;ΚΑΤΩ ΕΡΥΘΡΟΣ;7η ΔΚ;23766;37989;0.00;0.18;0.62;0.19;0.13;0.87;0.75;0.15;0.10;1.00;0.00;0.00;0.73;0.27;0.47;0.33;0.20;0.63;0.18;0.18;0.84;0.10;0.07;0.08;0.15;0.04;0.03;0.00;0.52;0.00;0.11;0.53;0.12;0.01;0.52;0.35;10.81;1.82;2.10;14.86;8.49;0.03;0.00;0.51;0.46;0.00;0.00;0.31;0.10;0.02;0.11;0.04;0.04;0.02;0.05;0.28;0.07;0.93;0.66;0.79;0.19;0.02;0.62;0.09;0.29;0.11;0.00;0.44;0.44;0.33;0.00;0.67;0.05;0.95;1.00;0.00;0.25;0.75;0.00;0.61;0.39
115;ΚΑΤΩ ΠΑΤΗΣΙΑ I;5η ΔΚ;23737;38.01;0.00;0.77;0.22;0.00;0.14;0.86;0.84;0.12;0.04;1.00;0.00;0.00;0.70;0.30;0.63;0.22;0.15;0.75;0.14;0.10;0.87;0.11;0.02;0.21;0.31;0.00;0.03;0.01;0.56;0.00;0.52;0.23;0.25;0.01;0.19;0.32;10.38;3.41;1.82;13.22;8.85;0.01;0.01;0.22;0.76;0.00;0.00;0.68;0.10;0.02;0.06;0.00;0.02;0.04;0.03;0.03;0.19;0.81;0.81;0.93;0.05;0.01;0.55;0.07;0.35;0.07;0.00;0.40;0.53;0.33;0.00;0.67;0.11;0.89;0.43;0.57;0.25;0.75;0.10;0.60;0.30
2;ΚΑΤΩ ΠΑΤΗΣΙΑ II;4η ΔΚ;23724;38012;0.02;0.43;0.53;0.02;0.22;0.78;0.90;0.05;0.06;0.98;0.02;0.03;0.66;0.32;0.47;0.38;0.13;0.78;0.10;0.09;0.96;0.02;0.02;0.33;0.11;0.00;0.01;0.00;0.70;0.00;0.59;0.24;0.23;0.02;0.14;0.40;0.03;3.87;2.08;3.89;6.71;0.05;0.00;0.32;0.62;0.00;0.00;0.53;0.17;0.03;0.08;0.09;0.04;0.00;0.00;0.00;0.10;0.90;0.90;0.98;0.00;0.02;0.84;0.07;0.07;0.19;0.25;0.56;0.00;0.27;0.13;0.60;0.33;0.67;1.00;0.00;0.60;0.40;0.45;0.55;0.00
50;ΚΕΡΑΜΕΙΚΟΣ;3η ΔΚ;23715;37981;0.02;0.58;0.35;0.05;0.66;0.34;0.90;0.06;0.03;0.83;0.17;0.02;0.62;0.37;0.30;0.32;0.37;0.42;0.30;0.26;0.71;0.20;0.08;0.31;0.06;0.01;0.01;0.00;0.36;0.01;0.38;0.11;0.31;0.02;0.09;0.26;10.64;5.97;3.42;17.05;6.20;0.12;0.00;0.41;0.46;0.00;0.00;0.25;0.26;0.05;0.00;0.01;0.27;0.00;0.00;0.02;0.17;0.83;0.84;0.76;0.00;0.04;0.25;0.22;0.33;0.12;0.00;0.72;0.16;0.19;0.10;0.71;0.00;1.00;1.00;0.00;0.82;0.18;0.24;0.59;0.18
63;ΚΛΩΝΑΡΙΔΟΥ;5η ΔΚ;23733;38018;0.02;0.35;0.61;0.00;0.21;0.79;0.85;0.04;0.11;1.00;0.00;0.00;0.60;0.40;0.15;0.65;0.21;0.52;0.38;0.10;0.90;0.07;0.03;0.40;0.11;0.00;0.01;0.00;0.45;0.00;0.54;0.10;0.10;0.00;0.12;0.15;0.83;3.64;4.86;9.17;7.19;0.03;0.00;0.33;0.65;0.00;0.00;0.41;0.32;0.00;0.06;0.02;0.02;0.09;0.00;0.05;0.11;0.89;0.93;0.86;0.00;0.14;0.54;0.10;0.29;0.00;0.00;1.00;0.00;0.00;0.00;1.00;0.00;1.00;1.00;0.00;0.00;1.00;1.00;0.00;0.00
23;ΚΟΙΛΗΣ;3η ΔΚ;23711;37966;0.15;0.24;0.51;0.10;0.31;0.69;0.94;0.05;0.01;1.00;0.00;0.06;0.45;0.49;0.21;0.53;0.21;0.62;0.19;0.13;0.85;0.12;0.03;0.27;0.28;0.00;0.01;0.00;0.32;0.00;0.37;0.10;0.11;0.00;0.35;0.37;0.00;18.92;3.87;17.63;8.63;0.04;0.03;0.46;0.48;0.01;0.00;0.41;0.28;0.04;0.03;0.03;0.07;0.00;0.02;0.06;0.19;0.81;0.95;0.88;0.00;0.04;0.52;0.20;0.19;1.00;0.00;0.00;0.00;1.00;0.00;0.00;0.56;0.44;1.00;0.00;1.00;0.00;0.75;0.25;0.00
110;ΚΟΛΙΑΤΣΟΥ I;6η ΔΚ;23733;38006;0.03;0.59;0.38;0.00;0.12;0.88;0.84;0.12;0.04;0.99;0.01;0.00;0.79;0.21;0.35;0.48;0.17;0.76;0.12;0.12;0.94;0.06;0.00;0.22;0.39;0.00;0.01;0.00;0.54;0.00;0.57;0.38;0.14;0.00;0.15;0.37;7.05;5.58;2.92;14.50;7.55;0.04;0.00;0.10;0.86;0.00;0.00;0.65;0.21;0.01;0.00;0.00;0.00;0.00;0.03;0.06;0.03;0.97;0.95;0.97;0.02;0.01;0.73;0.02;0.24;0.14;0.29;0.00;0.57;0.40;0.00;0.60;0.00;1.00;0.50;0.50;0.00;1.00;0.20;0.80;0.00
75;ΚΟΛΙΑΤΣΟΥ II;5η ΔΚ;23733;38011;0.04;0.32;0.63;0.01;0.43;0.57;0.88;0.06;0.06;1.00;0.00;0.00;0.74;0.26;0.61;0.18;0.21;0.77;0.13;0.08;0.92;0.05;0.03;0.12;0.22;0.01;0.04;0.00;0.14;0.00;0.55;0.26;0.07;0.01;0.19;0.57;10.12;3.93;2.16;19.33;8.38;0.06;0.00;0.10;0.83;0.00;0.00;0.46;0.37;0.00;0.00;0.00;0.00;0.04;0.03;0.02;0.20;0.80;0.79;0.90;0.04;0.03;0.66;0.05;0.26;0.00;0.00;1.00;0.00;0.00;0.00;1.00;0.00;1.00;0.50;0.50;0.00;1.00;0.00;0.25;0.75
105;ΚΟΛΟΚΥΝΘΟΥ;4η ΔΚ;23711;38001;0.10;0.54;0.27;0.03;0.40;0.55;0.79;0.06;0.10;0.94;0.01;0.05;0.46;0.43;0.43;0.25;0.21;0.64;0.18;0.07;0.76;0.11;0.08;0.52;0.16;0.01;0.02;0.00;0.29;0.00;0.74;0.07;0.06;0.03;0.14;0.20;0.00;13.90;4.90;11.51;7.33;0.07;0.00;0.33;0.60;0.00;0.00;0.51;0.20;0.05;0.03;0.02;0.06;0.00;0.01;0.04;0.18;0.82;1.00;0.84;0.02;0.03;0.57;0.14;0.18;0.14;0.18;0.68;0.00;0.14;0.18;0.68;0.00;1.00;1.00;0.00;1.00;0.00;0.28;0.22;0.50
45;ΚΟΛΩΝΑΚΙ;1η ΔΚ;23.74;37978;0.05;0.04;0.24;0.67;0.66;0.34;0.49;0.21;0.30;0.94;0.06;0.00;0.67;0.33;0.19;0.35;0.46;0.21;0.31;0.47;0.74;0.18;0.08;0.33;0.19;0.03;0.02;0.09;0.31;0.12;0.49;0.21;0.21;0.03;0.18;0.17;8.79;11.10;4.60;29.26;7.53;0.08;0.04;0.23;0.66;0.00;0.00;0.27;0.23;0.03;0.10;0.09;0.03;0.00;0.00;0.13;0.05;0.95;0.90;0.64;0.17;0.08;0.37;0.11;0.40;0.12;0.05;0.73;0.10;0.19;0.00;0.81;0.03;0.97;0.89;0.11;0.62;0.38;0.00;0.22;0.78
47;ΚΟΛΩΝΑΚΙ ΛΥΚΑΒΗΤΤΟΣ;1η ΔΚ;23749;37979;0.13;0.10;0.24;0.46;0.44;0.48;0.82;0.07;0.04;0.89;0.04;0.05;0.57;0.30;0.21;0.32;0.35;0.30;0.34;0.24;0.80;0.06;0.06;0.39;0.09;0.09;0.03;0.04;0.44;0.03;0.35;0.12;0.10;0.03;0.28;0.08;0.00;11.45;7.70;13.84;8.39;0.04;0.02;0.47;0.47;0.00;0.00;0.33;0.11;0.02;0.13;0.02;0.03;0.00;0.00;0.30;0.09;0.91;0.90;0.73;0.17;0.04;0.67;0.07;0.20;0.14;0.00;0.86;0.00;0.17;0.04;0.78;0.05;0.95;0.83;0.17;0.35;0.65;0.02;0.39;0.59
68;ΚΟΛΩΝΟΣ;4η ΔΚ;23716;37991;0.04;0.29;0.65;0.02;0.25;0.75;0.79;0.07;0.14;0.98;0.02;0.02;0.85;0.13;0.64;0.25;0.11;0.76;0.14;0.08;0.82;0.08;0.10;0.39;0.25;0.01;0.00;0.01;0.46;0.00;0.87;0.10;0.07;0.02;0.38;0.51;3.32;5.07;2.58;18.60;8.96;0.01;0.00;0.29;0.70;0.00;0.00;0.44;0.34;0.03;0.05;0.04;0.05;0.00;0.02;0.01;0.36;0.64;0.96;0.93;0.04;0.02;0.71;0.12;0.16;0.24;0.24;0.53;0.00;0.22;0.11;0.67;0.13;0.88;1.00;0.00;0.64;0.36;0.16;0.21;0.63
18;ΚΟΥΚΑΚΙ;1η ΔΚ;23721;37963;0.05;0.27;0.54;0.14;0.37;0.63;0.89;0.07;0.03;0.96;0.04;0.00;0.63;0.36;0.33;0.40;0.27;0.68;0.17;0.15;0.92;0.07;0.01;0.20;0.14;0.00;0.00;0.00;0.19;0.00;0.31;0.14;0.16;0.01;0.16;0.21;7.87;7.76;3.83;13.39;9.55;0.03;0.00;0.18;0.78;0.01;0.00;0.37;0.18;0.06;0.04;0.04;0.09;0.00;0.04;0.13;0.20;0.80;0.95;0.76;0.02;0.07;0.57;0.17;0.12;0.00;0.40;0.60;0.00;0.07;0.29;0.64;0.20;0.80;0.50;0.50;0.50;0.50;0.08;0.46;0.46
136;ΚΟΥΚΛΑΚΙ;5η ΔΚ;23732;38023;0.02;0.03;0.87;0.08;0.21;0.79;0.90;0.05;0.05;1.00;0.00;0.02;0.57;0.41;0.06;0.54;0.38;0.33;0.45;0.20;0.95;0.04;0.01;0.33;0.02;0.00;0.00;0.00;0.33;0.00;0.44;0.04;0.08;0.01;0.20;0.04;0.00;4.34;5.35;7.07;6.75;0.06;0.00;0.43;0.50;0.00;0.01;0.36;0.18;0.01;0.11;0.16;0.05;0.00;0.00;0.06;0.23;0.77;0.97;0.95;0.02;0.03;0.64;0.16;0.13;0.25;0.00;0.75;0.00;0.25;0.00;0.75;0.33;0.67;1.00;0.00;1.00;0.00;0.13;0.50;0.38
58;ΚΟΥΝΤΟΥΡΙΩΤΙΚΑ;7η ΔΚ;23756;37985;0.10;0.20;0.37;0.28;0.62;0.38;0.88;0.07;0.05;0.98;0.01;0.11;0.62;0.27;0.47;0.25;0.17;0.35;0.33;0.21;0.97;0.02;0.01;0.11;0.08;0.02;0.01;0.01;0.22;0.01;0.19;0.28;0.09;0.03;0.21;0.16;0.05;11.68;4.25;9.72;7.58;0.03;0.00;0.31;0.66;0.01;0.01;0.33;0.23;0.01;0.03;0.03;0.04;0.00;0.00;0.26;0.07;0.93;0.89;0.76;0.20;0.03;0.68;0.13;0.18;0.13;0.07;0.80;0.00;0.13;0.00;0.87;0.08;0.92;0.73;0.27;0.44;0.56;0.03;0.24;0.73
80;ΚΥΠΡΙΑΔΟΥ;5η ΔΚ;23737;38018;0.02;0.25;0.65;0.07;0.31;0.69;0.86;0.05;0.09;1.00;0.00;0.02;0.59;0.39;0.10;0.47;0.41;0.31;0.52;0.15;0.84;0.12;0.04;0.37;0.04;0.00;0.00;0.00;0.33;0.00;0.37;0.10;0.04;0.00;0.06;0.07;8.64;4.95;5.60;16.70;7.38;0.03;0.00;0.41;0.56;0.01;0.00;0.49;0.08;0.01;0.16;0.07;0.05;0.11;0.00;0.00;0.07;0.93;0.92;0.77;0.07;0.17;0.33;0.21;0.46;0.00;0.00;0.75;0.25;0.08;0.00;0.92;0.00;1.00;1.00;0.00;0.25;0.75;0.09;0.36;0.55
143;ΚΥΠΡΙΩΝ;6η ΔΚ;23751;38006;0.09;0.14;0.66;0.10;0.19;0.81;0.97;0.03;0.00;0.99;0.01;0.20;0.45;0.35;0.42;0.22;0.16;0.47;0.29;0.04;0.99;0.01;0.00;0.38;0.24;0.00;0.00;0.00;0.45;0.00;0.50;0.11;0.34;0.00;0.55;0.31;0.00;9.54;1.54;7.42;5.85;0.00;0.07;0.40;0.48;0.04;0.00;0.42;0.23;0.01;0.09;0.04;0.05;0.00;0.00;0.00;;;;0.83;0.02;0.02;0.84;0.01;0.00;1.00;0.00;0.00;0.00;1.00;0.00;0.00;0.00;1.00;1.00;0.00;1.00;0.00;1.00;0.00;0.00
123;ΛΑΜΠΡΙΝΗ;5η ΔΚ;23746;38023;0.10;0.10;0.73;0.08;0.31;0.69;0.87;0.07;0.06;0.96;0.04;0.01;0.58;0.42;0.23;0.51;0.25;0.54;0.23;0.22;0.91;0.08;0.01;0.46;0.06;0.01;0.00;0.00;0.54;0.00;0.49;0.15;0.23;0.00;0.26;0.26;0.00;10.76;6.94;2.97;7.03;0.08;0.00;0.47;0.45;0.00;0.00;0.56;0.09;0.01;0.14;0.04;0.06;0.00;0.00;0.00;0.00;1.00;1.00;0.96;0.02;0.01;0.84;0.01;0.07;0.31;0.00;0.69;0.00;0.45;0.00;0.55;0.27;0.73;1.00;0.00;1.00;0.00;0.36;0.36;0.27
114;ΛΟΦΟΣ ΕΛΙΚΩΝΟΣ;6η ΔΚ;23742;38008;0.00;0.24;0.33;0.03;0.00;0.60;0.60;0.00;0.00;0.60;0.00;0.14;0.17;0.29;0.13;0.33;0.00;0.37;0.09;0.00;0.60;0.00;0.00;0.33;0.00;0.00;0.00;0.00;0.48;0.00;0.41;0.00;0.20;0.00;0.38;0.00;0.00;0.00;3.80;0.00;7.20;0.00;0.05;0.23;0.71;0.02;0.00;0.78;0.15;0.00;0.00;0.00;0.00;0.00;0.00;0.00;;;;1.00;0.00;0.00;0.90;0.00;0.00;;;;;;;;;;;;;;;;
8;ΛΟΦΟΣ ΚΥΝΟΣΑΡΓΟΥΣ;2η ΔΚ;23729;37955;0.04;0.33;0.54;0.04;0.30;0.65;0.82;0.06;0.07;0.94;0.01;0.05;0.47;0.42;0.39;0.22;0.27;0.61;0.18;0.10;0.91;0.03;0.01;0.16;0.10;0.01;0.00;0.00;0.64;0.00;0.33;0.21;0.29;0.00;0.29;0.40;1.50;6.72;2.64;4.31;7.72;0.06;0.03;0.46;0.44;0.03;0.00;0.40;0.20;0.04;0.09;0.08;0.02;0.02;0.00;0.00;0.09;0.91;0.79;0.84;0.05;0.03;0.79;0.06;0.06;0.00;0.25;0.75;0.00;0.14;0.00;0.86;0.00;1.00;1.00;0.00;1.00;0.00;0.00;0.57;0.43
17;ΛΟΦΟΣ ΛΑΜΠΡΑΚΗ;2η ΔΚ;23733;37962;0.03;0.32;0.62;0.03;0.37;0.63;0.89;0.10;0.01;0.99;0.01;0.04;0.70;0.26;0.56;0.24;0.15;0.74;0.15;0.07;0.93;0.07;0.00;0.15;0.05;0.00;0.01;0.00;0.58;0.00;0.16;0.12;0.19;0.02;0.22;0.32;5.08;3.42;1.62;9.08;8.15;0.07;0.00;0.28;0.65;0.00;0.00;0.56;0.15;0.01;0.07;0.03;0.01;0.02;0.00;0.09;0.19;0.81;0.90;0.89;0.04;0.02;0.75;0.08;0.12;0.09;0.18;0.00;0.73;0.50;0.00;0.50;0.33;0.67;1.00;0.00;0.60;0.40;0.00;0.40;0.60
98;ΛΟΦΟΣ ΣΚΟΥΖΕ;4η ΔΚ;23718;38;0.03;0.81;0.13;0.02;0.26;0.74;0.77;0.09;0.15;0.99;0.01;0.01;0.71;0.28;0.86;0.09;0.04;0.86;0.10;0.02;0.91;0.08;0.01;0.36;0.47;0.00;0.02;0.00;0.36;0.00;0.94;0.08;0.12;0.01;0.26;0.68;0.11;5.75;2.21;9.41;7.95;0.02;0.00;0.16;0.81;0.00;0.00;0.66;0.23;0.01;0.07;0.01;0.00;0.00;0.00;0.00;0.35;0.65;0.95;0.99;0.00;0.01;0.75;0.07;0.18;0.63;0.00;0.38;0.00;0.71;0.29;0.00;0.00;1.00;0.71;0.29;1.00;0.00;0.27;0.18;0.55
137;ΛΟΦΟΣ ΣΤΡΕΦΗ;1η ΔΚ;23739;37989;0.05;0.72;0.20;0.02;0.24;0.76;0.91;0.05;0.03;0.99;0.01;0.02;0.80;0.18;0.60;0.19;0.18;0.61;0.35;0.02;0.99;0.01;0.00;0.18;0.07;0.00;0.00;0.00;0.25;0.00;0.55;0.11;0.06;0.00;0.32;0.33;2.44;9.02;1.74;15.08;7.81;0.04;0.10;0.18;0.68;0.00;0.00;0.30;0.41;0.02;0.08;0.00;0.01;0.00;0.00;0.05;0.14;0.86;0.91;0.84;0.06;0.00;0.81;0.02;0.07;0.00;0.00;1.00;0.00;0.00;0.00;1.00;0.00;1.00;1.00;0.00;0.00;1.00;0.00;1.00;0.00
54;ΛΥΚΑΒΗΤΤΟΣ;1η ΔΚ;23747;37983;0.96;0.00;0.00;0.00;0.96;0.00;0.96;0.00;0.00;0.96;0.00;0.81;0.14;0.00;0.01;0.08;0.05;0.00;0.13;0.01;0.95;0.01;0.00;0.06;0.00;0.00;0.00;0.00;0.03;0.00;0.06;0.00;0.00;0.02;0.02;0.00;0.00;0.00;1.10;12.86;6.63;0.03;0.15;0.38;0.44;0.04;0.00;0.35;0.20;0.02;0.02;0.19;0.00;0.00;0.00;0.00;0.00;1.00;0.00;0.98;0.00;0.00;0.95;0.03;0.00;0.56;0.44;0.00;0.00;1.00;0.00;0.00;0.56;0.44;1.00;0.00;1.00;0.00;0.27;0.73;0.00
25;ΜΑΚΡΥΓΙΑΝΝΗ;1η ΔΚ;23727;37968;0.09;0.18;0.41;0.31;0.51;0.49;0.80;0.19;0.01;0.97;0.03;0.02;0.60;0.38;0.16;0.57;0.25;0.48;0.20;0.31;0.74;0.22;0.04;0.22;0.13;0.00;0.01;0.00;0.15;0.00;0.18;0.05;0.08;0.00;0.19;0.16;4.29;10.63;4.64;23.10;9.74;0.18;0.02;0.24;0.55;0.01;0.00;0.42;0.09;0.05;0.07;0.04;0.04;0.00;0.00;0.08;0.07;0.93;0.99;0.67;0.05;0.03;0.36;0.17;0.22;0.18;0.09;0.55;0.18;0.25;0.00;0.75;0.33;0.67;1.00;0.00;0.82;0.18;0.00;0.14;0.86
48;ΜΕΤΑΞΟΥΡΓΕΙΟ;3η ΔΚ;23719;37984;0.07;0.55;0.29;0.09;0.72;0.28;0.76;0.13;0.11;0.97;0.03;0.02;0.53;0.45;0.32;0.20;0.47;0.49;0.20;0.27;0.76;0.15;0.09;0.27;0.17;0.00;0.00;0.00;0.54;0.00;0.47;0.13;0.21;0.00;0.19;0.28;22.29;11.10;3.32;22.16;8.34;0.13;0.00;0.30;0.57;0.00;0.00;0.41;0.23;0.02;0.00;0.00;0.13;0.01;0.00;0.07;0.23;0.76;0.95;0.83;0.07;0.10;0.35;0.27;0.36;0.06;0.00;0.29;0.65;0.44;0.00;0.56;0.05;0.95;1.00;0.00;0.82;0.18;0.47;0.13;0.40
22;ΜΕΤΣ;2η ΔΚ;23736;37966;0.07;0.23;0.50;0.21;0.26;0.74;0.97;0.03;0.00;1.00;0.00;0.05;0.63;0.33;0.46;0.21;0.28;0.56;0.21;0.18;0.91;0.05;0.03;0.21;0.17;0.00;0.00;0.00;0.27;0.00;0.27;0.10;0.10;0.00;0.32;0.27;2.97;10.02;2.73;13.83;7.64;0.11;0.06;0.44;0.39;0.04;0.01;0.14;0.33;0.04;0.07;0.00;0.03;0.06;0.00;0.11;0.32;0.68;0.98;0.73;0.05;0.02;0.45;0.18;0.16;0.25;0.00;0.75;0.00;0.25;0.00;0.75;0.00;1.00;1.00;0.00;0.33;0.67;0.00;0.40;0.60
38;ΜΟΝΑΣΤΗΡΑΚΙ ΠΛΑΚΑ;1η ΔΚ;23728;37974;0.09;0.18;0.35;0.36;0.77;0.20;0.73;0.13;0.12;0.91;0.07;0.05;0.56;0.37;0.23;0.15;0.55;0.29;0.26;0.38;0.88;0.08;0.02;0.03;0.09;0.00;0.02;0.00;0.10;0.00;0.20;0.05;0.10;0.00;0.08;0.13;6.02;7.15;1.15;15.69;5.75;0.45;0.04;0.18;0.34;0.03;0.02;0.03;0.17;0.19;0.00;0.03;0.01;0.00;0.00;0.06;0.16;0.84;0.96;0.46;0.05;0.02;0.25;0.12;0.16;0.05;0.11;0.63;0.21;0.12;0.00;0.88;0.00;1.00;1.00;0.00;0.56;0.44;0.06;0.11;0.83
61;ΜΟΥΣΕΙΟ;1η ΔΚ;23731;37988;0.06;0.29;0.54;0.11;0.71;0.29;0.48;0.13;0.38;0.99;0.01;0.01;0.71;0.28;0.23;0.18;0.58;0.53;0.34;0.12;0.56;0.31;0.13;0.20;0.17;0.01;0.01;0.00;0.22;0.00;0.45;0.04;0.09;0.05;0.11;0.25;18.73;14.09;4.33;38.48;9.86;0.13;0.00;0.17;0.70;0.00;0.00;0.22;0.23;0.05;0.05;0.03;0.04;0.02;0.01;0.21;0.19;0.81;0.98;0.65;0.25;0.10;0.41;0.18;0.40;0.04;0.18;0.68;0.10;0.08;0.00;0.92;0.05;0.95;0.88;0.13;0.30;0.70;0.04;0.37;0.59
6;ΜΠΑΚΝΑΝΑ;2η ΔΚ;23723;37952;0.03;0.18;0.73;0.03;0.14;0.86;0.93;0.03;0.03;1.00;0.00;0.06;0.68;0.26;0.44;0.40;0.10;0.78;0.14;0.01;1.00;0.00;0.00;0.36;0.06;0.00;0.00;0.00;0.54;0.00;0.49;0.17;0.17;0.00;0.26;0.34;1.18;2.94;2.56;4.92;8.71;0.00;0.00;0.60;0.40;0.00;0.03;0.36;0.40;0.01;0.15;0.01;0.03;0.00;0.00;0.00;1.00;0.00;0.75;0.94;0.04;0.01;0.88;0.04;0.02;0.50;0.00;0.50;0.00;0.50;0.00;0.50;0.33;0.67;1.00;0.00;1.00;0.00;0.11;0.22;0.67
96;ΝΕΑ ΚΥΨΕΛΗ Ι;6η ΔΚ;23744;37999;0.03;0.30;0.64;0.02;0.18;0.82;0.88;0.07;0.05;1.00;0.00;0.01;0.68;0.31;0.22;0.60;0.17;0.57;0.34;0.09;0.95;0.04;0.01;0.17;0.09;0.02;0.00;0.00;0.43;0.00;0.25;0.12;0.04;0.00;0.34;0.30;0.00;1.99;2.14;4.08;8.40;0.03;0.02;0.16;0.79;0.03;0.00;0.68;0.06;0.01;0.13;0.00;0.04;0.00;0.00;0.01;0.14;0.86;0.86;0.92;0.02;0.03;0.85;0.04;0.03;1.00;0.00;0.00;0.00;1.00;0.00;0.00;1.00;0.00;1.00;0.00;1.00;0.00;0.00;1.00;0.00
133;ΝΕΑ ΚΥΨΕΛΗ ΙΙ;6η ΔΚ;23748;38002;0.14;0.19;0.60;0.06;0.17;0.83;0.97;0.02;0.01;1.00;0.00;0.11;0.42;0.47;0.42;0.40;0.07;0.71;0.16;0.02;1.00;0.00;0.00;0.48;0.27;0.00;0.00;0.00;0.74;0.00;0.61;0.29;0.29;0.00;0.60;0.31;0.00;10.83;4.92;2.63;7.64;0.01;0.03;0.42;0.55;0.05;0.01;0.49;0.15;0.02;0.16;0.03;0.05;0.00;0.00;0.01;0.55;0.45;0.44;0.92;0.04;0.02;0.88;0.08;0.00;1.00;0.00;0.00;0.00;1.00;0.00;0.00;0.33;0.67;1.00;0.00;1.00;0.00;0.00;0.40;0.60
95;ΝΕΑ ΦΙΛΟΘΕΗ;7η ΔΚ;23761;37997;0.09;0.06;0.77;0.07;0.13;0.87;0.98;0.02;0.00;0.99;0.01;0.02;0.39;0.59;0.61;0.27;0.10;0.91;0.07;0.00;1.00;0.00;0.00;0.81;0.05;0.00;0.00;0.00;0.80;0.00;0.77;0.19;0.36;0.01;0.35;0.32;0.04;9.59;7.80;4.32;7.71;0.00;0.02;0.58;0.39;0.05;0.00;0.32;0.35;0.02;0.09;0.01;0.08;0.03;0.00;0.02;0.40;0.60;0.80;0.95;0.01;0.03;0.96;0.02;0.00;0.14;0.00;0.86;0.00;0.14;0.00;0.86;0.20;0.80;1.00;0.00;1.00;0.00;0.00;0.57;0.43
59;ΝΕΑΠΟΛΗ I;1η ΔΚ;23739;37984;0.04;0.33;0.37;0.25;0.52;0.48;0.65;0.13;0.22;0.98;0.02;0.01;0.60;0.39;0.38;0.31;0.30;0.27;0.55;0.17;0.86;0.11;0.03;0.16;0.09;0.01;0.02;0.04;0.36;0.03;0.47;0.10;0.13;0.04;0.31;0.26;16.11;10.63;3.67;12.94;7.17;0.07;0.07;0.10;0.76;0.05;0.00;0.16;0.33;0.02;0.12;0.06;0.04;0.00;0.00;0.08;0.09;0.91;0.89;0.68;0.15;0.04;0.53;0.15;0.19;0.01;0.02;0.94;0.04;0.01;0.08;0.91;0.06;0.94;1.00;0.00;0.51;0.49;0.02;0.38;0.60
138;ΝΕΑΠΟΛΗ II;7η ΔΚ;23747;37988;0.07;0.36;0.45;0.12;0.30;0.69;0.80;0.10;0.10;0.98;0.02;0.02;0.58;0.39;0.59;0.23;0.17;0.55;0.37;0.06;0.91;0.05;0.04;0.27;0.13;0.01;0.00;0.01;0.28;0.02;0.56;0.12;0.05;0.01;0.39;0.42;7.38;3.72;2.86;9.68;8.87;0.01;0.03;0.26;0.71;0.05;0.00;0.30;0.28;0.02;0.13;0.08;0.00;0.00;0.00;0.10;0.07;0.93;0.92;0.85;0.06;0.04;0.73;0.08;0.15;0.09;0.09;0.82;0.00;0.09;0.09;0.82;0.13;0.88;1.00;0.00;0.29;0.71;0.11;0.56;0.33
15;ΝΕΟΣ ΚΟΣΜΟΣ;2η ΔΚ;23.73;37961;0.01;0.38;0.58;0.02;0.25;0.75;0.82;0.08;0.09;0.98;0.01;0.03;0.78;0.18;0.67;0.26;0.03;0.87;0.08;0.02;0.96;0.01;0.01;0.11;0.07;0.00;0.01;0.00;0.68;0.00;0.18;0.26;0.28;0.00;0.18;0.40;0.83;0.00;1.28;5.38;8.70;0.01;0.00;0.45;0.54;0.00;0.00;0.49;0.15;0.01;0.10;0.20;0.01;0.00;0.02;0.00;0.12;0.88;0.73;0.98;0.00;0.02;0.91;0.05;0.04;;;;;;;;;;;;;;;;
56;ΝΟΣΟΚ.ΠΑΙΔΩΝ;7η ΔΚ;23768;37986;0.01;0.36;0.40;0.13;0.15;0.77;0.76;0.11;0.05;0.92;0.01;0.00;0.66;0.24;0.34;0.28;0.28;0.44;0.21;0.25;0.72;0.20;0.00;0.14;0.15;0.01;0.00;0.00;0.50;0.00;0.08;0.30;0.10;0.03;0.39;0.23;5.49;4.63;3.16;16.89;8.60;0.04;0.00;0.37;0.56;0.00;0.00;0.48;0.03;0.01;0.03;0.25;0.02;0.05;0.05;0.01;0.10;0.90;0.93;0.80;0.15;0.05;0.77;0.09;0.14;0.25;0.25;0.00;0.50;0.60;0.40;0.00;0.33;0.67;0.60;0.40;0.60;0.40;0.60;0.40;0.00
85;ΟΣΕ;4η ΔΚ;23.72;37992;0.47;0.36;0.10;0.00;0.97;0.00;0.87;0.00;0.10;0.97;0.00;0.10;0.02;0.81;0.71;0.10;0.02;0.81;0.00;0.02;0.96;0.01;0.00;0.73;0.00;0.37;0.00;0.00;0.61;0.00;0.86;0.00;0.48;0.08;0.61;0.00;0.00;15.63;15.88;15.94;9.32;0.00;0.00;0.49;0.50;0.00;0.00;0.25;0.27;0.06;0.04;0.07;0.17;0.00;0.07;0.08;0.14;0.86;1.00;0.98;0.00;0.02;0.79;0.16;0.05;0.21;0.14;0.64;0.00;0.45;0.00;0.55;0.08;0.92;1.00;0.00;1.00;0.00;0.67;0.00;0.33
27;ΠΑΓΚΡΑΤΙ Ι;2η ΔΚ;23749;37968;0.05;0.43;0.45;0.07;0.28;0.72;0.65;0.15;0.20;0.97;0.03;0.01;0.72;0.27;0.12;0.36;0.50;0.49;0.12;0.38;0.74;0.22;0.04;0.08;0.15;0.04;0.02;0.00;0.53;0.01;0.13;0.20;0.16;0.04;0.25;0.17;3.87;4.18;5.65;20.50;8.75;0.02;0.00;0.19;0.78;0.00;0.00;0.59;0.11;0.01;0.21;0.00;0.00;0.05;0.00;0.00;0.12;0.88;0.76;0.74;0.09;0.16;0.50;0.23;0.27;0.17;0.08;0.75;0.00;0.16;0.00;0.84;0.29;0.71;0.38;0.63;0.69;0.31;0.09;0.64;0.27
24;ΠΑΓΚΡΑΤΙ ΙΙ;2η ΔΚ;23753;37967;0.00;0.48;0.43;0.06;0.21;0.79;0.77;0.16;0.08;0.99;0.01;0.00;0.76;0.22;0.67;0.16;0.14;0.82;0.07;0.09;0.94;0.06;0.00;0.12;0.29;0.05;0.02;0.00;0.63;0.00;0.47;0.43;0.29;0.02;0.24;0.47;0.00;6.88;3.68;19.68;8.24;0.04;0.00;0.05;0.91;0.00;0.00;0.51;0.11;0.02;0.28;0.00;0.00;0.04;0.00;0.00;0.29;0.71;0.29;0.78;0.04;0.07;0.58;0.18;0.13;0.38;0.25;0.38;0.00;0.33;0.00;0.67;0.67;0.33;0.67;0.33;1.00;0.00;0.25;0.75;0.00
83;ΠΑΡΚΟ ΧΩΡΟΦΥΛΑΚΗΣ ΣΤΡΑΤΙΩΤΙΚΑ ΝΟΣΟΚΟΜΕΙΑ;7η ΔΚ;23781;37992;0.00;0.00;0.28;0.00;0.00;0.28;0.28;0.00;0.00;0.28;0.00;0.00;0.00;0.28;0.00;0.28;0.00;0.00;0.00;0.28;0.00;0.28;0.00;0.28;0.00;0.00;0.00;0.00;0.00;0.00;0.00;0.28;0.00;0.00;0.00;0.00;0.00;0.00;5.00;90.00;9.94;0.01;0.00;0.63;0.13;0.00;0.00;0.07;0.00;0.00;0.00;0.07;0.15;0.00;0.00;0.47;0.00;1.00;1.00;0.00;1.00;0.00;0.00;0.46;0.54;0.00;0.00;1.00;0.00;0.00;0.00;1.00;0.00;1.00;1.00;0.00;0.25;0.75;0.00;0.50;0.50
67;ΠΕΔΙΟ ΑΡΕΩΣ Ι;7η ΔΚ;23744;37991;0.08;0.18;0.62;0.12;0.40;0.60;0.85;0.10;0.05;0.99;0.01;0.00;0.90;0.09;0.62;0.27;0.11;0.83;0.15;0.01;1.00;0.00;0.00;0.25;0.16;0.00;0.02;0.00;0.28;0.01;0.65;0.15;0.06;0.04;0.15;0.17;0.95;2.80;2.34;7.22;9.28;0.02;0.01;0.24;0.73;0.00;0.00;0.52;0.15;0.01;0.12;0.00;0.02;0.00;0.00;0.15;0.24;0.76;0.76;0.90;0.02;0.04;0.79;0.08;0.09;0.28;0.00;0.72;0.00;0.29;0.08;0.63;0.00;1.00;0.30;0.70;0.44;0.56;0.07;0.41;0.52
73;ΠΕΔΙΟ ΑΡΕΩΣ ΙΙ;7η ΔΚ;23748;37994;0.09;0.14;0.64;0.12;0.24;0.76;0.92;0.03;0.04;0.98;0.01;0.03;0.56;0.40;0.58;0.29;0.10;0.67;0.17;0.12;0.97;0.02;0.00;0.21;0.15;0.09;0.00;0.00;0.24;0.00;0.52;0.12;0.06;0.08;0.50;0.24;0.09;13.53;2.62;4.26;7.95;0.03;0.06;0.32;0.58;0.01;0.00;0.67;0.09;0.00;0.02;0.11;0.00;0.00;0.00;0.00;0.12;0.88;0.60;0.83;0.00;0.01;0.80;0.03;0.02;0.20;0.80;0.00;0.00;0.40;0.00;0.60;0.50;0.50;0.50;0.50;1.00;0.00;0.20;0.80;0.00
72;ΠΕΔΙΟ ΑΡΕΩΣ ΣΧΟΛΗ ΕΥΕΛΠΙΔΩΝ;1η ΔΚ;23736;37993;0.35;0.23;0.29;0.09;0.86;0.14;0.89;0.07;0.04;0.99;0.01;0.01;0.64;0.31;0.16;0.25;0.54;0.20;0.28;0.48;0.57;0.34;0.09;0.13;0.06;0.00;0.00;0.00;0.08;0.00;0.16;0.04;0.04;0.04;0.00;0.06;0.15;30.33;6.10;30.83;10.05;0.02;0.00;0.48;0.49;0.00;0.00;0.27;0.14;0.04;0.03;0.00;0.07;0.05;0.00;0.35;0.12;0.88;0.92;0.65;0.23;0.06;0.42;0.15;0.37;0.12;0.00;0.88;0.00;0.12;0.00;0.88;0.00;1.00;1.00;0.00;0.00;1.00;0.00;0.33;0.67
29;ΠΙΝΑΚΟΘΗΚΗ;2η ΔΚ;23749;37971;0.04;0.36;0.56;0.03;0.17;0.83;0.81;0.13;0.06;0.99;0.01;0.00;0.72;0.28;0.23;0.52;0.25;0.67;0.25;0.08;0.85;0.09;0.06;0.14;0.19;0.00;0.02;0.00;0.81;0.00;0.16;0.24;0.08;0.01;0.40;0.12;0.00;4.34;4.12;7.96;8.91;0.00;0.01;0.18;0.82;0.00;0.00;0.67;0.05;0.00;0.27;0.00;0.00;0.00;0.00;0.00;0.07;0.93;0.73;0.88;0.07;0.04;0.73;0.11;0.15;0.14;0.00;0.86;0.00;0.14;0.00;0.86;0.00;1.00;0.00;1.00;1.00;0.00;0.00;1.00;0.00
28;ΠΛΑΣΤΗΡΑ;2η ΔΚ;23744;37.97;0.08;0.39;0.39;0.10;0.31;0.69;0.94;0.05;0.01;0.98;0.02;0.02;0.50;0.44;0.31;0.35;0.29;0.56;0.17;0.22;0.91;0.09;0.00;0.09;0.21;0.01;0.02;0.00;0.53;0.00;0.22;0.17;0.18;0.03;0.39;0.25;5.31;12.74;3.61;8.60;6.66;0.06;0.06;0.38;0.49;0.02;0.01;0.32;0.18;0.01;0.10;0.00;0.00;0.07;0.00;0.17;0.26;0.74;0.65;0.75;0.06;0.08;0.65;0.11;0.14;0.05;0.00;0.95;0.00;0.05;0.00;0.95;0.08;0.92;0.17;0.83;0.17;0.83;0.00;0.33;0.67
76;ΠΛΑΤΕΙΑ ΑΤΤΙΚΗΣ Ι;6η ΔΚ;23724;37994;0.03;0.56;0.40;0.01;0.54;0.45;0.50;0.10;0.40;0.99;0.01;0.00;0.81;0.18;0.54;0.35;0.11;0.79;0.19;0.01;0.86;0.09;0.05;0.35;0.35;0.00;0.03;0.00;0.30;0.00;0.79;0.08;0.16;0.02;0.19;0.39;2.73;5.61;2.80;13.12;9.72;0.05;0.00;0.32;0.63;0.00;0.00;0.31;0.26;0.07;0.16;0.03;0.03;0.01;0.05;0.03;0.37;0.63;0.97;0.85;0.06;0.06;0.59;0.14;0.24;0.33;0.17;0.50;0.00;0.20;0.00;0.80;0.00;1.00;0.75;0.25;0.40;0.60;0.45;0.00;0.55
99;ΠΛΑΤΕΙΑ ΑΤΤΙΚΗΣ ΙΙ;4η ΔΚ;23722;38;0.03;0.35;0.62;0.00;0.49;0.51;0.68;0.02;0.30;1.00;0.00;0.00;0.78;0.22;0.70;0.16;0.14;0.84;0.16;0.00;0.92;0.03;0.05;0.46;0.27;0.05;0.01;0.00;0.42;0.00;0.92;0.18;0.20;0.12;0.34;0.39;1.50;8.19;3.15;18.65;9.24;0.04;0.00;0.34;0.62;0.00;0.00;0.39;0.32;0.01;0.09;0.03;0.10;0.00;0.03;0.00;0.81;0.19;0.96;0.90;0.03;0.03;0.75;0.12;0.09;0.17;0.22;0.17;0.44;0.36;0.00;0.64;0.07;0.93;0.78;0.22;0.23;0.77;0.60;0.40;0.00
145;ΠΛΑΤΕΙΑ ΒΑΘΗΣ;1η ΔΚ;23724;37985;0.06;0.41;0.47;0.06;0.86;0.14;0.55;0.24;0.21;0.98;0.02;0.01;0.66;0.33;0.12;0.29;0.58;0.36;0.38;0.24;0.66;0.17;0.17;0.19;0.07;0.01;0.05;0.00;0.41;0.01;0.36;0.05;0.15;0.01;0.12;0.14;28.68;9.60;3.21;28.16;9.66;0.12;0.00;0.25;0.63;0.00;0.00;0.21;0.24;0.05;0.04;0.01;0.13;0.02;0.04;0.14;0.18;0.82;0.97;0.68;0.13;0.19;0.39;0.22;0.39;0.10;0.09;0.45;0.36;0.24;0.16;0.60;0.13;0.87;1.00;0.00;0.63;0.38;0.49;0.27;0.24
74;ΠΛΑΤΕΙΑ ΒΙΚΤΩΡΙΑΣ;6η ΔΚ;23729;37994;0.03;0.41;0.55;0.01;0.41;0.59;0.58;0.12;0.30;0.98;0.02;0.00;0.92;0.07;0.36;0.32;0.31;0.57;0.36;0.05;0.75;0.20;0.05;0.17;0.27;0.04;0.04;0.00;0.26;0.02;0.52;0.05;0.12;0.05;0.14;0.27;2.35;4.57;4.54;26.41;9.79;0.07;0.00;0.21;0.68;0.00;0.00;0.15;0.22;0.08;0.28;0.00;0.05;0.01;0.00;0.09;0.45;0.55;0.95;0.73;0.18;0.09;0.39;0.24;0.37;0.36;0.00;0.64;0.00;0.36;0.00;0.64;0.14;0.86;0.45;0.55;0.60;0.40;0.13;0.67;0.20
103;ΠΛΑΤΕΙΑ ΚΑΝΑΡΗ;6η ΔΚ;23742;38002;0.05;0.49;0.38;0.07;0.37;0.63;0.78;0.11;0.11;0.97;0.03;0.00;0.81;0.19;0.49;0.26;0.25;0.66;0.17;0.16;0.96;0.01;0.03;0.14;0.19;0.01;0.01;0.00;0.26;0.00;0.36;0.17;0.05;0.01;0.09;0.33;6.45;10.90;3.25;8.09;8.81;0.10;0.00;0.10;0.79;0.00;0.00;0.63;0.10;0.00;0.11;0.06;0.00;0.00;0.00;0.00;0.12;0.88;0.68;0.77;0.07;0.05;0.63;0.08;0.19;0.29;0.00;0.71;0.00;0.33;0.27;0.40;0.29;0.71;0.50;0.50;0.64;0.36;0.00;0.70;0.30
121;ΠΛΑΤΕΙΑ ΠΑΠΑΔΙΑΜΑΝΤΗ;5η ΔΚ;23742;38.02;0.02;0.03;0.55;0.39;0.10;0.90;0.97;0.03;0.00;0.98;0.02;0.01;0.76;0.23;0.15;0.48;0.37;0.43;0.48;0.09;0.94;0.06;0.00;0.59;0.02;0.00;0.00;0.00;0.66;0.00;0.46;0.11;0.16;0.00;0.09;0.02;0.01;4.95;8.29;2.53;7.45;0.01;0.00;0.62;0.37;0.00;0.00;0.43;0.04;0.02;0.40;0.03;0.06;0.01;0.00;0.00;0.06;0.94;0.95;0.92;0.01;0.07;0.69;0.07;0.25;0.36;0.09;0.55;0.00;0.29;0.08;0.63;0.44;0.56;0.86;0.14;0.86;0.14;0.33;0.38;0.29
37;ΠΛΑΤΕΙΑ ΧΑΛΕΠΑ;5η ΔΚ;23742;38017;0.05;0.04;0.76;0.16;0.11;0.89;0.96;0.04;0.00;0.99;0.01;0.00;0.71;0.29;0.14;0.61;0.25;0.53;0.33;0.14;0.92;0.05;0.03;0.65;0.00;0.00;0.00;0.00;0.57;0.00;0.55;0.19;0.09;0.02;0.11;0.09;0.00;10.36;8.87;3.49;6.88;0.02;0.00;0.50;0.48;0.00;0.00;0.43;0.08;0.02;0.30;0.02;0.13;0.00;0.00;0.00;0.13;0.88;1.00;0.92;0.07;0.01;0.77;0.09;0.12;0.20;0.20;0.60;0.00;0.18;0.00;0.82;0.11;0.89;1.00;0.00;0.67;0.33;0.20;0.20;0.60
91;ΠΟΛΥΓΩΝΟ Ι;7η ΔΚ;23753;37997;0.05;0.33;0.53;0.08;0.26;0.72;0.91;0.04;0.04;0.99;0.00;0.05;0.42;0.52;0.35;0.41;0.18;0.76;0.17;0.01;0.99;0.00;0.00;0.21;0.21;0.00;0.00;0.00;0.44;0.00;0.37;0.05;0.09;0.00;0.58;0.25;0.00;2.05;2.65;1.16;8.47;0.00;0.13;0.59;0.27;0.03;0.00;0.42;0.19;0.01;0.06;0.08;0.01;0.03;0.02;0.03;0.57;0.43;0.57;0.83;0.02;0.02;0.86;0.01;0.01;0.26;0.35;0.39;0.00;0.33;0.38;0.29;0.24;0.76;0.86;0.14;1.00;0.00;0.17;0.58;0.25
86;ΠΟΛΥΓΩΝΟ ΙΙ;7η ΔΚ;23749;37998;0.03;0.95;0.02;0.00;0.17;0.83;0.85;0.03;0.12;0.99;0.01;0.01;0.33;0.66;0.47;0.41;0.11;0.86;0.12;0.02;0.96;0.03;0.01;0.65;0.68;0.01;0.01;0.00;0.63;0.00;0.89;0.02;0.39;0.04;0.63;0.71;0.00;16.01;4.64;5.74;7.25;0.01;0.07;0.65;0.28;0.02;0.00;0.50;0.13;0.02;0.03;0.17;0.03;0.00;0.00;0.03;0.40;0.60;1.00;0.83;0.00;0.02;0.83;0.00;0.02;0.00;0.18;0.82;0.00;0.00;0.00;1.00;0.14;0.86;0.33;0.67;0.60;0.40;0.00;1.00;0.00
87;ΠΟΛΥΓΩΝΟ ΙΙΙ;6η ΔΚ;23739;37997;0.01;0.47;0.50;0.00;0.40;0.60;0.70;0.11;0.19;1.00;0.00;0.00;0.69;0.30;0.30;0.37;0.33;0.33;0.38;0.28;0.89;0.09;0.02;0.17;0.04;0.00;0.00;0.00;0.22;0.00;0.19;0.10;0.06;0.00;0.04;0.27;8.77;2.61;3.52;8.12;8.37;0.04;0.00;0.38;0.57;0.00;0.00;0.43;0.07;0.02;0.11;0.11;0.11;0.00;0.00;0.10;0.07;0.93;0.70;0.87;0.08;0.05;0.52;0.10;0.36;0.11;0.00;0.44;0.44;0.33;0.00;0.67;0.11;0.89;0.82;0.18;0.67;0.33;0.05;0.67;0.29
130;ΠΡΟΜΠΟΝΑ ΙΙ;5η ΔΚ;23.74;38029;0.02;0.10;0.69;0.07;0.23;0.71;0.86;0.05;0.03;0.94;0.00;0.12;0.42;0.35;0.30;0.34;0.12;0.57;0.19;0.00;0.94;0.00;0.00;0.51;0.10;0.00;0.00;0.00;0.40;0.00;0.52;0.13;0.31;0.00;0.18;0.27;0.00;0.68;3.54;5.99;6.60;0.00;0.00;0.90;0.10;0.02;0.07;0.26;0.27;0.07;0.15;0.06;0.11;0.00;0.00;0.00;1.00;0.00;0.00;0.93;0.00;0.06;0.94;0.05;0.00;;;;;;;;;;;;;;;;
57;ΠΡΟΦΗΤΗΣ ΔΑΝΙΗΛ;3η ΔΚ;23711;37984;0.01;0.61;0.33;0.04;0.75;0.25;0.75;0.20;0.05;0.99;0.01;0.07;0.63;0.30;0.43;0.34;0.17;0.80;0.10;0.05;0.97;0.02;0.01;0.27;0.09;0.01;0.01;0.01;0.34;0.01;0.40;0.09;0.10;0.03;0.21;0.18;2.28;5.16;1.97;5.44;8.86;0.04;0.00;0.68;0.28;0.00;0.00;0.23;0.16;0.07;0.03;0.06;0.28;0.00;0.03;0.10;0.38;0.62;0.95;0.89;0.00;0.05;0.71;0.16;0.06;0.13;0.00;0.38;0.50;0.40;0.00;0.60;0.00;1.00;0.71;0.29;0.50;0.50;0.40;0.00;0.60
11;ΠΡΟΦΗΤΗΣ ΗΛΙΑΣ;2η ΔΚ;23748;37965;0.01;0.36;0.56;0.07;0.18;0.82;0.68;0.14;0.18;0.98;0.02;0.02;0.54;0.43;0.41;0.23;0.33;0.64;0.14;0.19;0.84;0.11;0.05;0.13;0.30;0.00;0.01;0.00;0.65;0.01;0.21;0.19;0.23;0.01;0.30;0.30;7.97;1.57;4.71;19.12;7.82;0.01;0.00;0.16;0.83;0.00;0.00;0.56;0.15;0.03;0.21;0.00;0.00;0.03;0.00;0.00;0.37;0.63;0.68;0.80;0.08;0.12;0.69;0.04;0.27;0.20;0.13;0.40;0.27;0.21;0.14;0.64;0.08;0.92;0.17;0.83;0.40;0.60;0.07;0.53;0.40
127;ΠΡΟΦΗΤΗΣ ΗΛΙΑΣ ΡΙΖΟΥΠΟΛΗΣ;5η ΔΚ;23749;38027;0.10;0.06;0.80;0.04;0.18;0.82;0.92;0.02;0.05;0.99;0.01;0.02;0.46;0.52;0.27;0.54;0.17;0.68;0.20;0.09;0.91;0.04;0.05;0.61;0.07;0.00;0.01;0.00;0.64;0.00;0.57;0.09;0.25;0.00;0.36;0.38;0.00;9.92;6.46;2.90;6.73;0.07;0.01;0.48;0.44;0.00;0.00;0.57;0.09;0.01;0.23;0.01;0.00;0.00;0.00;0.00;0.06;0.94;1.00;0.99;0.00;0.00;0.85;0.03;0.06;0.14;0.00;0.86;0.00;0.14;0.00;0.86;0.20;0.80;0.50;0.50;1.00;0.00;0.00;0.25;0.75
32;ΡΗΓΙΛΛΗΣ;2η ΔΚ;23741;37973;0.04;0.08;0.33;0.53;0.44;0.56;1.00;0.00;0.00;1.00;0.00;0.00;0.58;0.40;0.08;0.42;0.48;0.47;0.21;0.31;0.94;0.00;0.06;0.19;0.17;0.00;0.00;0.00;0.57;0.00;0.32;0.14;0.05;0.00;0.26;0.14;0.00;4.59;6.56;19.51;10.46;0.01;0.00;0.54;0.46;0.00;0.00;0.22;0.09;0.00;0.25;0.10;0.01;0.00;0.00;0.32;0.11;0.89;0.84;0.63;0.16;0.21;0.84;0.03;0.13;0.00;0.00;1.00;0.00;0.00;0.00;1.00;0.00;1.00;1.00;0.00;0.00;1.00;0.00;0.00;1.00
128;ΡΙΖΟΥΠΟΛΗ;5η ΔΚ;23745;38029;0.04;0.20;0.73;0.03;0.16;0.84;0.99;0.01;0.00;0.99;0.01;0.05;0.46;0.50;0.34;0.55;0.06;0.80;0.13;0.03;0.98;0.00;0.02;0.54;0.16;0.00;0.00;0.00;0.73;0.00;0.74;0.11;0.25;0.00;0.34;0.51;0.00;3.35;3.11;4.64;6.30;0.01;0.00;0.58;0.40;0.01;0.00;0.33;0.31;0.01;0.17;0.06;0.11;0.00;0.00;0.00;1.00;0.00;1.00;0.98;0.00;0.02;0.97;0.02;0.00;0.73;0.00;0.27;0.00;0.73;0.00;0.27;0.29;0.71;1.00;0.00;1.00;0.00;0.25;0.38;0.38
119;ΣΕΠΟΛΙΑ;4η ΔΚ;23718;38008;0.12;0.61;0.23;0.01;0.34;0.63;0.78;0.06;0.13;0.96;0.01;0.04;0.47;0.45;0.55;0.20;0.17;0.77;0.12;0.03;0.88;0.04;0.05;0.48;0.38;0.01;0.00;0.00;0.40;0.00;0.80;0.04;0.09;0.02;0.28;0.31;0.00;14.65;4.27;9.86;7.02;0.05;0.00;0.40;0.54;0.00;0.02;0.34;0.33;0.07;0.03;0.03;0.07;0.00;0.00;0.05;0.46;0.54;0.98;0.85;0.00;0.06;0.71;0.13;0.06;0.21;0.17;0.63;0.00;0.22;0.26;0.52;0.04;0.96;1.00;0.00;0.50;0.50;0.12;0.31;0.58
13;ΣΤΕΡΝΑ;2η ΔΚ;23727;37958;0.03;0.34;0.52;0.09;0.47;0.53;0.88;0.12;0.00;0.99;0.01;0.00;0.57;0.43;0.20;0.59;0.21;0.63;0.25;0.11;0.98;0.00;0.02;0.28;0.07;0.01;0.00;0.00;0.11;0.00;0.24;0.08;0.02;0.00;0.10;0.24;3.89;2.48;2.38;8.20;8.87;0.07;0.00;0.42;0.51;0.02;0.00;0.33;0.22;0.03;0.12;0.16;0.02;0.00;0.04;0.01;0.23;0.77;0.97;0.80;0.06;0.04;0.59;0.19;0.12;0.00;0.40;0.60;0.00;0.25;0.00;0.75;0.00;1.00;1.00;0.00;0.00;1.00;0.00;0.00;1.00
120;ΣΥΝΤΑΓΜΑ;1η ΔΚ;23735;37976;1.00;0.00;0.00;0.00;1.00;0.00;1.00;0.00;0.00;1.00;0.00;0.00;0.72;0.28;0.00;0.00;1.00;0.00;0.76;0.24;0.55;0.45;0.00;0.00;0.00;0.00;0.00;0.00;0.00;0.00;0.00;0.00;0.00;0.00;0.00;0.00;0.00;0.00;4.75;22.50;11.64;0.33;0.00;0.16;0.50;0.00;0.00;0.00;0.06;0.07;0.00;0.00;0.09;0.00;0.09;0.36;0.00;1.00;1.00;0.16;0.84;0.00;0.00;0.26;0.74;0.00;0.00;1.00;0.00;0.00;0.00;1.00;0.00;1.00;1.00;0.00;1.00;0.00;0.00;0.00;1.00
78;ΣΧΟΛΗ ΕΥΕΛΠΙΔΩΝ;6η ΔΚ;23743;37995;0.63;0.26;0.04;0.00;0.98;0.02;1.00;0.00;0.00;1.00;0.00;0.00;0.42;0.51;0.29;0.35;0.29;0.36;0.15;0.41;0.78;0.22;0.00;0.34;0.00;0.18;0.00;0.00;0.33;0.00;0.39;0.03;0.00;0.34;0.10;0.00;0.00;42.40;13.28;29.60;8.75;0.00;0.01;0.42;0.57;0.00;0.00;0.54;0.05;0.00;0.11;0.05;0.10;0.00;0.00;0.13;0.06;0.94;0.86;0.34;0.18;0.48;0.46;0.33;0.22;0.00;0.07;0.93;0.00;0.00;0.07;0.93;0.05;0.95;0.54;0.46;0.67;0.33;0.10;0.60;0.30
135;ΤΟΥΡΚΟΒΟΥΝΙΑ;7η ΔΚ;23757;37996;0.10;0.31;0.48;0.10;0.18;0.82;0.96;0.02;0.02;0.99;0.01;0.09;0.38;0.53;0.54;0.28;0.09;0.78;0.07;0.06;0.97;0.02;0.01;0.42;0.24;0.00;0.01;0.00;0.44;0.00;0.53;0.02;0.17;0.00;0.51;0.42;0.00;3.57;3.44;6.25;8.01;0.01;0.06;0.67;0.26;0.04;0.00;0.26;0.40;0.01;0.12;0.03;0.00;0.03;0.00;0.02;0.05;0.95;0.86;0.87;0.02;0.04;0.91;0.01;0.01;0.40;0.00;0.60;0.00;0.40;0.00;0.60;0.00;1.00;1.00;0.00;1.00;0.00;0.20;0.80;0.00
132;ΤΟΥΡΚΟΒΟΥΝΙΑ ΙΙ;7η ΔΚ;23752;38;0.10;0.07;0.74;0.09;0.18;0.82;1.00;0.00;0.00;1.00;0.00;0.00;0.35;0.65;0.41;0.42;0.17;0.90;0.09;0.01;1.00;0.00;0.00;0.67;0.17;0.00;0.00;0.00;0.75;0.00;0.67;0.01;0.27;0.05;0.41;0.32;0.00;31.58;7.29;0.00;9.03;0.00;0.13;0.75;0.12;0.00;0.01;0.21;0.14;0.03;0.00;0.14;0.06;0.11;0.10;0.07;1.00;0.00;0.67;0.42;0.18;0.03;0.56;0.04;0.04;0.00;0.00;1.00;0.00;0.00;0.00;1.00;0.00;1.00;1.00;0.00;1.00;0.00;1.00;0.00;0.00
5;ΤΡΕΙΣ ΓΕΦΥΡΕΣ;5η ΔΚ;23724;38016;0.05;0.19;0.72;0.04;0.35;0.65;0.86;0.07;0.07;0.99;0.01;0.06;0.45;0.50;0.27;0.41;0.26;0.57;0.27;0.10;0.97;0.03;0.00;0.47;0.04;0.00;0.00;0.00;0.59;0.00;0.45;0.10;0.18;0.01;0.20;0.24;0.18;9.28;4.68;7.04;7.41;0.09;0.00;0.55;0.34;0.02;0.01;0.34;0.21;0.02;0.20;0.09;0.03;0.00;0.00;0.00;0.15;0.85;0.88;0.94;0.03;0.03;0.75;0.07;0.10;0.20;0.00;0.80;0.00;0.21;0.14;0.64;0.17;0.83;0.75;0.25;1.00;0.00;0.23;0.31;0.46
30;ΤΡΙΩΝ ΙΕΡΑΡΧΩΝ;3η ΔΚ;23713;37971;0.09;0.20;0.56;0.13;0.29;0.70;0.95;0.04;0.00;0.96;0.03;0.04;0.56;0.39;0.38;0.35;0.21;0.67;0.20;0.07;0.82;0.16;0.01;0.26;0.18;0.00;0.01;0.00;0.39;0.00;0.61;0.18;0.08;0.01;0.14;0.42;0.00;8.15;2.36;15.69;8.27;0.07;0.01;0.41;0.50;0.00;0.01;0.40;0.30;0.09;0.05;0.01;0.03;0.00;0.01;0.00;0.25;0.75;0.89;0.89;0.01;0.02;0.48;0.17;0.26;0.36;0.36;0.27;0.00;0.33;0.17;0.50;0.56;0.44;1.00;0.00;1.00;0.00;0.75;0.25;0.00
141;ΦΙΛΟΠΑΠΠΟΥ;1η ΔΚ;23717;37964;0.07;0.28;0.49;0.16;0.20;0.80;0.99;0.01;0.00;0.99;0.01;0.01;0.64;0.35;0.38;0.43;0.19;0.74;0.16;0.09;1.00;0.00;0.00;0.21;0.17;0.00;0.00;0.00;0.29;0.00;0.33;0.04;0.08;0.00;0.28;0.41;0.02;8.09;3.46;7.18;8.44;0.01;0.01;0.42;0.56;0.02;0.00;0.39;0.18;0.01;0.00;0.03;0.18;0.00;0.00;0.16;0.46;0.54;0.94;0.89;0.00;0.04;0.76;0.12;0.05;0.67;0.33;0.00;0.00;1.00;0.00;0.00;0.43;0.57;1.00;0.00;1.00;0.00;0.00;0.00;1.00
43;ΦΛΕΜΙΝΚ;3η ΔΚ;23705;37978;0.08;0.52;0.32;0.09;0.63;0.37;0.93;0.07;0.00;0.99;0.01;0.09;0.56;0.34;0.21;0.53;0.16;0.63;0.16;0.11;0.90;0.07;0.03;0.29;0.07;0.00;0.00;0.00;0.16;0.00;0.30;0.06;0.05;0.03;0.12;0.15;0.00;11.06;3.37;8.85;8.58;0.05;0.00;0.68;0.27;0.00;0.00;0.23;0.18;0.01;0.03;0.05;0.31;0.00;0.00;0.14;0.23;0.77;0.95;0.82;0.04;0.06;0.61;0.15;0.16;0.33;0.27;0.40;0.00;0.33;0.27;0.40;0.06;0.94;0.64;0.36;1.00;0.00;0.58;0.17;0.25
100;ΦΩΚΙΩΝΟΣ ΝΕΓΡΗ;6η ΔΚ;23737;38001;0.00;0.61;0.34;0.05;0.24;0.76;0.70;0.22;0.08;0.90;0.10;0.01;0.74;0.25;0.49;0.29;0.21;0.53;0.11;0.35;0.87;0.11;0.02;0.29;0.35;0.00;0.01;0.00;0.42;0.00;0.37;0.33;0.24;0.00;0.07;0.36;10.19;7.45;4.33;12.80;7.85;0.13;0.00;0.17;0.70;0.00;0.00;0.54;0.14;0.03;0.01;0.09;0.00;0.00;0.02;0.04;0.03;0.97;0.84;0.93;0.01;0.04;0.37;0.05;0.38;0.11;0.00;0.00;0.89;1.00;0.00;0.00;0.20;0.80;0.50;0.50;0.00;1.00;0.20;0.80;0.00
26;ΧΑΜΟΣΤΕΡΝΑ;3η ΔΚ;23704;37968;0.13;0.19;0.54;0.14;0.42;0.58;0.89;0.11;0.00;0.99;0.01;0.00;0.56;0.44;0.30;0.52;0.19;0.62;0.25;0.13;0.93;0.06;0.02;0.25;0.12;0.01;0.00;0.00;0.17;0.00;0.37;0.13;0.02;0.00;0.09;0.25;0.00;12.21;2.76;14.52;10.58;0.07;0.00;0.22;0.71;0.01;0.00;0.56;0.11;0.02;0.09;0.02;0.04;0.00;0.06;0.03;0.23;0.73;0.99;0.82;0.00;0.12;0.48;0.22;0.24;0.38;0.25;0.38;0.00;0.33;0.00;0.67;0.43;0.57;1.00;0.00;1.00;0.00;0.67;0.33;0.00
44;ΨΥΡΡΗ ΚΟΥΜΟΥΝΔΟΥΡΟΥ;1η ΔΚ;23724;37979;0.04;0.61;0.29;0.05;0.94;0.06;0.61;0.16;0.23;0.83;0.17;0.03;0.58;0.38;0.39;0.24;0.34;0.42;0.33;0.22;0.69;0.17;0.14;0.12;0.25;0.01;0.23;0.00;0.43;0.00;0.57;0.11;0.36;0.02;0.13;0.26;13.39;3.47;1.16;29.34;6.13;0.15;0.00;0.20;0.64;0.12;0.00;0.13;0.35;0.04;0.04;0.06;0.09;0.00;0.00;0.00;0.43;0.57;0.90;0.73;0.06;0.05;0.45;0.19;0.19;0.00;0.12;0.88;0.00;0.00;0.25;0.75;0.00;1.00;1.00;0.00;0.71;0.29;0.07;0.13;0.80
33;ΩΔΕΙΟ;2η ΔΚ;23744;37974;0.12;0.00;0.00;0.88;1.00;0.00;1.00;0.00;0.00;1.00;0.00;0.00;0.58;0.42;0.00;0.00;1.00;0.00;0.66;0.34;1.00;0.00;0.00;0.00;0.00;0.00;0.00;0.00;0.25;0.00;0.00;0.00;0.00;0.00;0.16;0.00;0.00;10.00;24.40;36.00;11.00;0.00;0.00;0.68;0.32;0.00;0.00;0.20;0.00;0.00;0.38;0.00;0.00;0.00;0.00;0.42;0.00;1.00;1.00;0.27;0.34;0.40;0.64;0.00;0.36;0.00;0.00;1.00;0.00;0.00;0.00;1.00;0.00;1.00;1.00;0.00;0.00;1.00;0.00;0.00;1.00
